Player,Pos,Date,RG/PL,Tm,,Opp,,TDS,MP,ORB,DRB,TRB,AST,STL,BLK,TOV,PF,PTS,oTDR,dTDR,TDR
Oscar Robertson,G,11/10/1961,RS,CIN,,CHI,W,182,44,3,12,15,16,,,,3,40,89.72,5.14,94.87
Oscar Robertson,G,12/25/1961,RS,CIN,,LAL,L,182,44,3,9,12,17,,,,3,40,88.42,3.57,91.99
Oscar Robertson,G,02/13/1962,RS,CIN,,PHI,W,182,44,3,12,15,18,,,,4,42,86.01,4.24,90.25
Oscar Robertson,G,01/11/1962,RS,CIN,,PHI,W,182,44,3,9,12,19,,,,2,38,84.36,4.47,88.83
Oscar Robertson,G,10/21/1961,RS,CIN,@,STL,W,182,44,3,12,15,13,,,,6,35,81.50,2.43,83.93
Oscar Robertson,G,01/30/1962,RS,CIN,@,STL,W,182,44,3,11,14,13,,,,3,36,81.22,4.62,85.84
Oscar Robertson,G,02/20/1962,RS,CIN,,STL,W,182,44,5,15,20,16,,,,4,31,80.81,6.86,87.67
Oscar Robertson,G,10/29/1961,RS,CIN,,SYR,W,182,44,2,9,11,22,,,,,26,79.88,5.76,85.64
Oscar Robertson,G,12/08/1961,RS,CIN,,STL,W,182,44,3,10,13,19,,,,,31,76.24,6.80,83.05
Oscar Robertson,G,01/20/1962,RS,CIN,,LAL,W,182,44,3,10,13,11,,,,,39,76.14,6.80,82.94
Oscar Robertson,G,12/11/1961,RS,CIN,,CHI,W,182,44,3,12,15,20,,,,3,32,75.87,5.14,81.02
Oscar Robertson,G,02/10/1962,RS,CIN,,STL,W,182,44,5,16,21,16,,,,2,32,75.32,9.19,84.50
Oscar Robertson,G,11/12/1961,RS,CIN,,STL,W,182,44,3,9,12,15,,,,2,31,73.06,4.47,77.53
Oscar Robertson,G,02/16/1962,RS,CIN,@,PHI,L,182,44,3,11,14,10,,,,5,40,72.86,2.81,75.68
Oscar Robertson,G,02/25/1962,RS,CIN,,CHI,W,182,44,3,12,15,13,,,,,33,72.78,7.85,80.63
Oscar Robertson,G,02/17/1962,RS,CIN,,DET,L,182,44,3,12,15,18,,,,,30,71.50,7.85,79.35
Oscar Robertson,G,03/17/1962,PL,CIN,,DET,W,182,44,3,10,13,15,,,,5,33,69.82,2.29,72.11
Oscar Robertson,G,01/09/1962,RS,CIN,,CHI,W,182,44,5,15,20,14,,,,,33,69.05,10.47,79.51
Oscar Robertson,G,11/14/1961,RS,CIN,@,SYR,W,182,44,2,8,10,13,,,,,36,68.74,5.23,73.98
Oscar Robertson,G,11/21/1961,RS,CIN,@,PHI,L,182,44,4,12,16,18,,,,3,25,68.09,5.67,73.76
Oscar Robertson,G,01/14/1962,RS,CIN,,STL,W,182,44,3,10,13,10,,,,4,36,67.79,3.19,70.98
Oscar Robertson,G,02/23/1962,RS,CIN,@,DET,W,182,44,2,9,11,10,,,,,39,67.54,5.76,73.29
Oscar Robertson,G,10/26/1961,RS,CIN,@,NYK,L,182,44,3,11,14,14,,,,,30,66.66,7.33,73.99
Oscar Robertson,G,11/28/1961,RS,CIN,@,NYK,W,182,44,3,12,15,13,,,,,31,65.26,7.85,73.11
Oscar Robertson,G,12/26/1961,RS,CIN,,STL,W,182,44,2,9,11,13,,,,,29,65.02,5.76,70.78
Oscar Robertson,G,02/24/1962,RS,CIN,,LAL,W,182,44,2,9,11,10,,,,,35,64.21,5.76,69.97
Oscar Robertson,G,11/26/1961,RS,CIN,,LAL,W,182,44,3,11,14,17,,,,,24,63.11,7.33,70.44
Oscar Robertson,G,11/07/1961,RS,CIN,,NYK,W,182,44,3,11,14,11,,,,4,22,62.46,3.72,66.17
Oscar Robertson,G,01/18/1962,RS,CIN,@,PHI,W,182,44,3,11,14,16,,,,3,28,61.66,4.62,66.28
Oscar Robertson,G,11/11/1961,RS,CIN,@,CHI,W,182,44,2,8,10,16,,,,,27,61.58,5.23,66.82
Oscar Robertson,G,10/24/1961,RS,CIN,,LAL,L,182,44,3,9,12,10,,,,4,32,61.40,2.67,64.07
Oscar Robertson,G,01/05/1962,RS,CIN,,BOS,L,182,44,3,12,15,11,,,,3,27,61.19,5.14,66.33
Oscar Robertson,G,12/13/1961,RS,CIN,@,SYR,W,182,44,4,12,16,11,,,,2,28,61.09,6.57,67.66
Oscar Robertson,G,12/06/1961,RS,CIN,,BOS,L,182,44,5,15,20,10,,,,,31,60.82,10.47,71.29
Oscar Robertson,G,01/03/1962,RS,CIN,,NYK,W,182,44,3,9,12,13,,,,,26,60.11,6.28,66.39
Oscar Robertson,G,11/16/1961,RS,CIN,,CIN,L,182,44,4,12,16,13,,,,,26,59.74,8.37,68.11
Oscar Robertson,G,12/19/1961,RS,CIN,,PHI,L,182,44,3,9,12,13,,,,,28,58.91,6.28,65.20
Oscar Robertson,G,12/16/1961,RS,CIN,@,DET,W,182,44,2,8,10,13,,,,,27,57.75,5.23,62.98
Oscar Robertson,G,01/07/1962,RS,CIN,,CHI,W,182,44,2,9,11,12,,,,,25,54.41,5.76,60.17
Oscar Robertson,G,02/14/1962,RS,CIN,,CHI,L,182,44,2,8,10,12,,,,5,27,54.00,0.72,54.72
Oscar Robertson,G,03/03/1962,RS,CIN,@,CHI,W,182,44,2,9,11,12,,,,3,27,52.32,3.05,55.36
Oscar Robertson,G,11/01/1961,RS,CIN,@,LAL,L,182,44,3,10,13,11,,,,3,18,44.05,4.10,48.15
Oscar Robertson,G,,,,,,,182,,,,,,,,,,,,,N/A
Oscar Robertson,G,,,,,,,182,,,,,,,,,,,,,N/A
Oscar Robertson,G,,,,,,,182,,,,,,,,,,,,,N/A
Oscar Robertson,G,,,,,,,182,,,,,,,,,,,,,N/A
Oscar Robertson,G,,,,,,,182,,,,,,,,,,,,,N/A
Oscar Robertson,G,,,,,,,182,,,,,,,,,,,,,N/A
Oscar Robertson,G,,,,,,,182,,,,,,,,,,,,,N/A
Oscar Robertson,G,,,,,,,182,,,,,,,,,,,,,N/A
Oscar Robertson,G,,,,,,,182,,,,,,,,,,,,,N/A
Oscar Robertson,G,,,,,,,182,,,,,,,,,,,,,N/A
Oscar Robertson,G,,,,,,,182,,,,,,,,,,,,,N/A
Oscar Robertson,G,,,,,,,182,,,,,,,,,,,,,N/A
Oscar Robertson,G,,,,,,,182,,,,,,,,,,,,,N/A
Oscar Robertson,G,,,,,,,182,,,,,,,,,,,,,N/A
Oscar Robertson,G,,,,,,,182,,,,,,,,,,,,,N/A
Oscar Robertson,G,,,,,,,182,,,,,,,,,,,,,N/A
Oscar Robertson,G,,,,,,,182,,,,,,,,,,,,,N/A
Oscar Robertson,G,,,,,,,182,,,,,,,,,,,,,N/A
Oscar Robertson,G,,,,,,,182,,,,,,,,,,,,,N/A
Oscar Robertson,G,,,,,,,182,,,,,,,,,,,,,N/A
Oscar Robertson,G,,,,,,,182,,,,,,,,,,,,,N/A
Oscar Robertson,G,,,,,,,182,,,,,,,,,,,,,N/A
Oscar Robertson,G,,,,,,,182,,,,,,,,,,,,,N/A
Oscar Robertson,G,,,,,,,182,,,,,,,,,,,,,N/A
Oscar Robertson,G,,,,,,,182,,,,,,,,,,,,,N/A
Oscar Robertson,G,,,,,,,182,,,,,,,,,,,,,N/A
Oscar Robertson,G,,,,,,,182,,,,,,,,,,,,,N/A
Oscar Robertson,G,,,,,,,182,,,,,,,,,,,,,N/A
Oscar Robertson,G,,,,,,,182,,,,,,,,,,,,,N/A
Oscar Robertson,G,,,,,,,182,,,,,,,,,,,,,N/A
Oscar Robertson,G,,,,,,,182,,,,,,,,,,,,,N/A
Oscar Robertson,G,,,,,,,182,,,,,,,,,,,,,N/A
Oscar Robertson,G,,,,,,,182,,,,,,,,,,,,,N/A
Oscar Robertson,G,,,,,,,182,,,,,,,,,,,,,N/A
Oscar Robertson,G,,,,,,,182,,,,,,,,,,,,,N/A
Oscar Robertson,G,,,,,,,182,,,,,,,,,,,,,N/A
Oscar Robertson,G,,,,,,,182,,,,,,,,,,,,,N/A
Oscar Robertson,G,,,,,,,182,,,,,,,,,,,,,N/A
Oscar Robertson,G,,,,,,,182,,,,,,,,,,,,,N/A
Oscar Robertson,G,,,,,,,182,,,,,,,,,,,,,N/A
Oscar Robertson,G,,,,,,,182,,,,,,,,,,,,,N/A
Oscar Robertson,G,,,,,,,182,,,,,,,,,,,,,N/A
Oscar Robertson,G,,,,,,,182,,,,,,,,,,,,,N/A
Oscar Robertson,G,,,,,,,182,,,,,,,,,,,,,N/A
Oscar Robertson,G,,,,,,,182,,,,,,,,,,,,,N/A
Oscar Robertson,G,,,,,,,182,,,,,,,,,,,,,N/A
Oscar Robertson,G,,,,,,,182,,,,,,,,,,,,,N/A
Oscar Robertson,G,,,,,,,182,,,,,,,,,,,,,N/A
Oscar Robertson,G,,,,,,,182,,,,,,,,,,,,,N/A
Oscar Robertson,G,,,,,,,182,,,,,,,,,,,,,N/A
Oscar Robertson,G,,,,,,,182,,,,,,,,,,,,,N/A
Oscar Robertson,G,,,,,,,182,,,,,,,,,,,,,N/A
Oscar Robertson,G,,,,,,,182,,,,,,,,,,,,,N/A
Oscar Robertson,G,,,,,,,182,,,,,,,,,,,,,N/A
Oscar Robertson,G,,,,,,,182,,,,,,,,,,,,,N/A
Oscar Robertson,G,,,,,,,182,,,,,,,,,,,,,N/A
Oscar Robertson,G,,,,,,,182,,,,,,,,,,,,,N/A
Oscar Robertson,G,,,,,,,182,,,,,,,,,,,,,N/A
Oscar Robertson,G,,,,,,,182,,,,,,,,,,,,,N/A
Oscar Robertson,G,,,,,,,182,,,,,,,,,,,,,N/A
Oscar Robertson,G,,,,,,,182,,,,,,,,,,,,,N/A
Oscar Robertson,G,,,,,,,182,,,,,,,,,,,,,N/A
Oscar Robertson,G,,,,,,,182,,,,,,,,,,,,,N/A
Oscar Robertson,G,,,,,,,182,,,,,,,,,,,,,N/A
Oscar Robertson,G,,,,,,,182,,,,,,,,,,,,,N/A
Oscar Robertson,G,,,,,,,182,,,,,,,,,,,,,N/A
Oscar Robertson,G,,,,,,,182,,,,,,,,,,,,,N/A
Oscar Robertson,G,,,,,,,182,,,,,,,,,,,,,N/A
Oscar Robertson,G,,,,,,,182,,,,,,,,,,,,,N/A
Oscar Robertson,G,,,,,,,182,,,,,,,,,,,,,N/A
Oscar Robertson,G,,,,,,,182,,,,,,,,,,,,,N/A
Oscar Robertson,G,,,,,,,182,,,,,,,,,,,,,N/A
Oscar Robertson,G,,,,,,,182,,,,,,,,,,,,,N/A
Oscar Robertson,G,,,,,,,182,,,,,,,,,,,,,N/A
Oscar Robertson,G,,,,,,,182,,,,,,,,,,,,,N/A
Oscar Robertson,G,,,,,,,182,,,,,,,,,,,,,N/A
Oscar Robertson,G,,,,,,,182,,,,,,,,,,,,,N/A
Oscar Robertson,G,,,,,,,182,,,,,,,,,,,,,N/A
Oscar Robertson,G,,,,,,,182,,,,,,,,,,,,,N/A
Oscar Robertson,G,,,,,,,182,,,,,,,,,,,,,N/A
Oscar Robertson,G,,,,,,,182,,,,,,,,,,,,,N/A
Oscar Robertson,G,,,,,,,182,,,,,,,,,,,,,N/A
Oscar Robertson,G,,,,,,,182,,,,,,,,,,,,,N/A
Oscar Robertson,G,,,,,,,182,,,,,,,,,,,,,N/A
Oscar Robertson,G,,,,,,,182,,,,,,,,,,,,,N/A
Oscar Robertson,G,,,,,,,182,,,,,,,,,,,,,N/A
Oscar Robertson,G,,,,,,,182,,,,,,,,,,,,,N/A
Oscar Robertson,G,,,,,,,182,,,,,,,,,,,,,N/A
Oscar Robertson,G,,,,,,,182,,,,,,,,,,,,,N/A
Oscar Robertson,G,,,,,,,182,,,,,,,,,,,,,N/A
Oscar Robertson,G,,,,,,,182,,,,,,,,,,,,,N/A
Oscar Robertson,G,,,,,,,182,,,,,,,,,,,,,N/A
Oscar Robertson,G,,,,,,,182,,,,,,,,,,,,,N/A
Oscar Robertson,G,,,,,,,182,,,,,,,,,,,,,N/A
Oscar Robertson,G,,,,,,,182,,,,,,,,,,,,,N/A
Oscar Robertson,G,,,,,,,182,,,,,,,,,,,,,N/A
Oscar Robertson,G,,,,,,,182,,,,,,,,,,,,,N/A
Oscar Robertson,G,,,,,,,182,,,,,,,,,,,,,N/A
Oscar Robertson,G,,,,,,,182,,,,,,,,,,,,,N/A
Oscar Robertson,G,,,,,,,182,,,,,,,,,,,,,N/A
Oscar Robertson,G,,,,,,,182,,,,,,,,,,,,,N/A
Oscar Robertson,G,,,,,,,182,,,,,,,,,,,,,N/A
Oscar Robertson,G,,,,,,,182,,,,,,,,,,,,,N/A
Oscar Robertson,G,,,,,,,182,,,,,,,,,,,,,N/A
Oscar Robertson,G,,,,,,,182,,,,,,,,,,,,,N/A
Oscar Robertson,G,,,,,,,182,,,,,,,,,,,,,N/A
Oscar Robertson,G,,,,,,,182,,,,,,,,,,,,,N/A
Oscar Robertson,G,,,,,,,182,,,,,,,,,,,,,N/A
Oscar Robertson,G,,,,,,,182,,,,,,,,,,,,,N/A
Oscar Robertson,G,,,,,,,182,,,,,,,,,,,,,N/A
Oscar Robertson,G,,,,,,,182,,,,,,,,,,,,,N/A
Oscar Robertson,G,,,,,,,182,,,,,,,,,,,,,N/A
Oscar Robertson,G,,,,,,,182,,,,,,,,,,,,,N/A
Oscar Robertson,G,,,,,,,182,,,,,,,,,,,,,N/A
Oscar Robertson,G,,,,,,,182,,,,,,,,,,,,,N/A
Oscar Robertson,G,,,,,,,182,,,,,,,,,,,,,N/A
Oscar Robertson,G,,,,,,,182,,,,,,,,,,,,,N/A
Oscar Robertson,G,,,,,,,182,,,,,,,,,,,,,N/A
Oscar Robertson,G,,,,,,,182,,,,,,,,,,,,,N/A
Oscar Robertson,G,,,,,,,182,,,,,,,,,,,,,N/A
Oscar Robertson,G,,,,,,,182,,,,,,,,,,,,,N/A
Oscar Robertson,G,,,,,,,182,,,,,,,,,,,,,N/A
Oscar Robertson,G,,,,,,,182,,,,,,,,,,,,,N/A
Oscar Robertson,G,,,,,,,182,,,,,,,,,,,,,N/A
Oscar Robertson,G,,,,,,,182,,,,,,,,,,,,,N/A
Oscar Robertson,G,,,,,,,182,,,,,,,,,,,,,N/A
Oscar Robertson,G,,,,,,,182,,,,,,,,,,,,,N/A
Oscar Robertson,G,,,,,,,182,,,,,,,,,,,,,N/A
Oscar Robertson,G,,,,,,,182,,,,,,,,,,,,,N/A
Oscar Robertson,G,,,,,,,182,,,,,,,,,,,,,N/A
Oscar Robertson,G,,,,,,,182,,,,,,,,,,,,,N/A
Oscar Robertson,G,,,,,,,182,,,,,,,,,,,,,N/A
Oscar Robertson,G,,,,,,,182,,,,,,,,,,,,,N/A
Oscar Robertson,G,,,,,,,182,,,,,,,,,,,,,N/A
Oscar Robertson,G,,,,,,,182,,,,,,,,,,,,,N/A
Oscar Robertson,G,,,,,,,182,,,,,,,,,,,,,N/A
Oscar Robertson,G,,,,,,,182,,,,,,,,,,,,,N/A
Oscar Robertson,G,,,,,,,182,,,,,,,,,,,,,N/A
Oscar Robertson,G,,,,,,,182,,,,,,,,,,,,,N/A
Oscar Robertson,G,,,,,,,182,,,,,,,,,,,,,N/A
Magic Johnson,G-F,03/21/1984,RS,LAL,@,KCK,W,155,28,2,10,12,19,2,1,5,4,24,92.50,14.64,107.14
Magic Johnson,G-F,03/09/1990,RS,LAL,,GSW,W,155,39,4,9,13,16,3,0,3,1,33,92.05,13.59,105.64
Magic Johnson,G-F,12/30/1990,RS,LAL,,PHI,W,155,39,3,10,13,13,2,0,4,1,34,85.38,11.79,97.18
Magic Johnson,G-F,05/05/1991,PL,LAL,,GSW,W,155,31,2,8,10,17,3,0,0,2,21,83.23,14.84,98.06
Magic Johnson,G-F,04/13/1990,RS,LAL,,GSW,W,155,32,3,7,10,13,0,0,1,4,21,81.25,1.56,82.81
Magic Johnson,G-F,11/13/1983,RS,LAL,,UTA,W,155,41,5,8,13,16,3,0,4,2,30,80.98,11.22,92.20
Magic Johnson,G-F,03/22/1987,RS,LAL,,SAC,W,155,40,2,10,12,19,3,1,5,3,33,80.00,13.75,93.75
Magic Johnson,G-F,03/18/1987,RS,LAL,,UTA,W,155,38,3,8,11,19,2,0,4,1,27,78.68,10.53,89.21
Magic Johnson,G-F,04/02/1987,RS,LAL,@,SEA,W,155,40,1,9,10,13,2,0,1,3,34,77.00,8.75,85.75
Magic Johnson,G-F,03/07/1988,RS,LAL,@,PHI,W,155,40,3,8,11,17,3,0,2,1,24,76.75,12.50,89.25
Magic Johnson,G-F,03/24/1985,RS,LAL,,DET,W,155,36,0,10,10,19,1,0,5,3,25,76.11,7.78,83.89
Magic Johnson,G-F,03/17/1989,RS,LAL,,DAL,W,155,40,4,8,12,13,2,2,4,0,31,75.75,14.50,90.25
Magic Johnson,G-F,12/07/1988,RS,LAL,,PHO,W,155,32,1,11,12,18,0,1,4,3,19,75.00,8.75,83.75
Magic Johnson,G-F,04/02/1991,RS,LAL,@,SAS,W,155,40,2,10,12,10,2,1,3,4,30,73.75,10.25,84.00
Magic Johnson,G-F,01/22/1987,RS,LAL,@,IND,W,155,38,1,9,10,11,1,0,1,2,29,72.89,7.63,80.53
Magic Johnson,G-F,04/23/1986,PL,LAL,@,SAS,W,155,32,4,6,10,17,2,0,2,4,14,72.81,6.88,79.69
Magic Johnson,G-F,11/08/1983,RS,LAL,@,DEN,W,155,43,6,6,12,14,1,0,2,5,29,72.79,1.86,74.65
Magic Johnson,G-F,03/30/1990,RS,LAL,,POR,W,155,32,0,10,10,14,0,0,4,2,25,72.19,6.88,79.06
Magic Johnson,G-F,12/28/1988,RS,LAL,,PHI,W,155,39,3,7,10,18,2,0,5,4,26,71.79,6.41,78.21
Magic Johnson,G-F,03/26/1989,RS,LAL,,PHO,W,155,44,0,10,10,18,1,0,4,1,34,70.91,8.18,79.09
Magic Johnson,G-F,11/08/1985,RS,LAL,,DEN,W,155,28,1,9,10,12,2,1,3,2,19,70.71,16.43,87.14
Magic Johnson,G-F,02/17/1984,RS,LAL,,DEN,L,155,42,2,11,13,16,2,2,5,2,33,70.48,14.05,84.52
Magic Johnson,G-F,04/03/1987,RS,LAL,@,POR,W,155,40,2,8,10,11,1,0,4,4,35,70.25,4.50,74.75
Magic Johnson,G-F,12/28/1984,RS,LAL,@,DEN,W,155,31,2,9,11,14,1,0,6,3,21,70.00,8.06,78.06
Magic Johnson,G-F,12/18/1984,RS,LAL,@,ATL,W,155,45,1,13,14,20,0,0,4,1,25,66.00,7.78,73.78
Magic Johnson,G-F,12/13/1988,RS,LAL,@,CLE,W,155,42,1,11,12,13,1,1,3,4,31,65.95,8.10,74.05
Magic Johnson,G-F,05/05/1987,PL,LAL,,GSW,W,155,37,4,8,12,14,2,0,5,0,25,65.41,11.89,77.30
Magic Johnson,G-F,12/04/1984,RS,LAL,@,CLE,W,155,39,1,9,10,14,3,1,5,2,28,64.87,14.36,79.23
Magic Johnson,G-F,11/28/1988,RS,LAL,@,PHI,W,155,42,1,10,11,20,2,0,7,1,32,64.76,10.95,75.71
Magic Johnson,G-F,01/12/1990,RS,LAL,,HOU,W,155,41,3,8,11,11,1,0,6,0,31,64.39,8.29,72.68
Magic Johnson,G-F,04/18/1989,RS,LAL,,DEN,W,155,40,4,13,17,17,3,1,5,3,24,64.00,16.00,80.00
Magic Johnson,G-F,01/24/1989,RS,LAL,,NYK,L,155,43,5,6,11,11,5,1,2,1,26,63.49,16.51,80.00
Magic Johnson,G-F,05/04/1986,PL,LAL,@,DAL,L,155,43,5,10,15,14,2,0,4,3,29,61.40,8.84,70.23
Magic Johnson,G-F,06/03/1984,PL,LAL,,BOS,W,155,39,2,9,11,21,1,1,2,3,14,61.28,8.21,69.49
Magic Johnson,G-F,10/30/1984,RS,LAL,,GSW,W,155,29,1,11,12,10,3,0,2,2,16,61.03,18.97,80.00
Magic Johnson,G-F,11/19/1989,RS,LAL,,WSB,W,155,39,4,6,10,14,1,1,4,0,25,61.03,8.97,70.00
Magic Johnson,G-F,01/04/1987,RS,LAL,,UTA,W,155,36,5,5,10,11,1,0,4,2,26,60.83,4.72,65.56
Magic Johnson,G-F,11/19/1990,RS,LAL,@,DEN,W,155,34,1,9,10,11,0,0,1,1,21,60.00,6.76,66.76
Magic Johnson,G-F,02/04/1988,RS,LAL,@,LAC,W,155,30,4,6,10,11,1,0,4,3,18,59.67,5.33,65.00
Magic Johnson,G-F,12/02/1988,RS,LAL,,UTA,W,155,38,4,8,12,15,3,0,3,2,17,58.16,12.11,70.26
Magic Johnson,G-F,02/06/1990,RS,LAL,@,POR,W,155,37,2,8,10,15,3,0,5,6,24,58.11,8.11,66.22
Magic Johnson,G-F,11/11/1990,RS,LAL,,NYK,L,155,41,5,10,15,14,2,0,4,2,24,58.05,10.24,68.29
Magic Johnson,G-F,02/19/1988,RS,LAL,@,ATL,W,155,49,0,11,11,19,1,0,5,0,29,55.31,8.78,64.08
Magic Johnson,G-F,12/04/1990,RS,LAL,,DET,W,155,36,2,10,12,14,0,0,4,2,21,55.28,6.11,61.39
Magic Johnson,G-F,02/12/1984,RS,LAL,,ATL,W,155,36,0,10,10,15,1,0,7,2,23,55.00,8.89,63.89
Magic Johnson,G-F,03/29/1991,RS,LAL,,POR,L,155,43,1,9,10,12,0,0,2,4,23,54.42,2.56,56.98
Magic Johnson,G-F,02/21/1991,RS,LAL,@,DAL,W,155,39,1,9,10,12,0,1,3,3,21,54.10,5.64,59.74
Magic Johnson,G-F,12/16/1986,RS,LAL,@,CLE,W,155,42,3,8,11,14,1,1,4,2,25,53.33,7.86,61.19
Magic Johnson,G-F,03/31/1987,RS,LAL,,HOU,W,155,38,5,5,10,13,2,0,6,3,21,53.16,6.05,59.21
Magic Johnson,G-F,01/16/1989,RS,LAL,,HOU,W,155,42,3,10,13,18,0,0,3,2,17,53.10,5.24,58.33
Magic Johnson,G-F,03/23/1989,RS,LAL,@,SAC,W,155,40,0,10,10,14,0,0,4,2,25,52.75,5.50,58.25
Magic Johnson,G-F,01/11/1991,RS,LAL,,CLE,W,155,41,4,6,10,14,0,0,9,3,27,52.44,1.46,53.90
Magic Johnson,G-F,12/01/1990,RS,LAL,@,PHO,W,155,40,3,9,12,15,1,1,4,2,25,52.00,9.00,61.00
Magic Johnson,G-F,12/21/1984,RS,LAL,,PHO,W,155,40,1,9,10,12,1,0,4,0,25,51.25,9.25,60.50
Magic Johnson,G-F,03/25/1991,RS,LAL,@,SAC,W,155,42,2,10,12,14,2,0,3,3,19,51.19,9.05,60.24
Magic Johnson,G-F,12/10/1988,RS,LAL,@,IND,W,155,41,1,10,11,13,0,0,7,5,32,50.98,2.44,53.41
Magic Johnson,G-F,05/14/1991,PL,LAL,,GSW,W,155,47,3,11,14,12,0,0,2,2,28,50.85,5.32,56.17
Magic Johnson,G-F,04/12/1988,RS,LAL,,POR,W,155,40,0,11,11,13,4,1,1,1,23,49.75,19.00,68.75
Magic Johnson,G-F,11/22/1988,RS,LAL,@,NYK,W,155,42,1,11,12,13,6,0,5,2,25,49.52,20.24,69.76
Magic Johnson,G-F,02/22/1984,RS,LAL,@,SEA,L,155,41,6,7,13,11,0,0,6,5,22,49.51,0.24,49.76
Magic Johnson,G-F,02/27/1987,RS,LAL,,GSW,W,155,39,1,9,10,15,1,0,5,0,21,49.23,9.49,58.72
Magic Johnson,G-F,12/04/1987,RS,LAL,@,MIL,L,155,41,1,9,10,12,2,0,5,4,22,48.54,7.56,56.10
Magic Johnson,G-F,05/25/1984,PL,LAL,@,PHO,W,155,43,7,4,11,13,1,1,3,4,16,48.14,3.02,51.16
Magic Johnson,G-F,04/15/1990,RS,LAL,,HOU,W,155,41,1,10,11,11,0,0,7,4,25,47.32,3.41,50.73
Magic Johnson,G-F,05/09/1987,PL,LAL,@,GSW,W,155,38,0,10,10,14,2,0,3,1,20,47.11,12.11,59.21
Magic Johnson,G-F,11/15/1990,RS,LAL,@,HOU,W,155,50,0,10,10,16,3,1,5,2,24,47.00,11.80,58.80
Magic Johnson,G-F,11/28/1984,RS,LAL,@,UTA,W,155,40,1,9,10,14,1,0,2,3,20,46.50,6.25,52.75
Magic Johnson,G-F,11/08/1987,RS,LAL,,HOU,W,155,37,3,7,10,12,1,0,7,1,23,46.22,7.30,53.51
Magic Johnson,G-F,02/21/1985,RS,LAL,@,KCK,W,155,39,2,8,10,17,0,1,5,2,15,46.15,5.90,52.05
Magic Johnson,G-F,03/12/1991,RS,LAL,@,MIA,W,155,42,1,10,11,14,2,0,5,2,21,45.95,10.00,55.95
Magic Johnson,G-F,03/06/1988,RS,LAL,@,DAL,W,155,39,2,8,10,16,1,0,3,1,14,45.90,7.69,53.59
Magic Johnson,G-F,12/29/1984,RS,LAL,,LAC,W,155,44,2,8,10,16,1,1,0,2,15,45.45,7.50,52.95
Magic Johnson,G-F,01/13/1988,RS,LAL,@,LAC,L,155,46,5,6,11,13,2,0,6,0,27,45.43,8.26,53.70
Magic Johnson,G-F,06/02/1991,PL,LAL,@,CHI,W,155,43,0,10,10,11,1,0,5,2,19,45.12,7.44,52.56
Magic Johnson,G-F,11/29/1985,RS,LAL,,SEA,W,155,39,4,12,16,17,4,0,5,1,14,44.10,18.46,62.56
Magic Johnson,G-F,04/05/1987,RS,LAL,@,DEN,W,155,42,4,7,11,10,1,0,2,3,23,43.81,4.52,48.33
Magic Johnson,G-F,06/05/1985,PL,LAL,,BOS,L,155,43,1,10,11,12,2,0,4,3,20,42.56,8.84,51.40
Magic Johnson,G-F,02/19/1991,RS,LAL,@,HOU,W,155,44,4,6,10,17,0,0,5,1,18,42.27,3.18,45.45
Magic Johnson,G-F,04/17/1988,RS,LAL,@,HOU,L,155,41,3,7,10,12,1,0,5,4,19,41.71,3.66,45.37
Magic Johnson,G-F,06/12/1991,PL,LAL,,CHI,L,155,48,4,7,11,20,1,0,6,0,16,41.67,6.46,48.13
Magic Johnson,G-F,02/21/1990,RS,LAL,@,DEN,W,155,44,0,11,11,17,0,0,6,5,17,41.14,2.95,44.09
Magic Johnson,G-F,04/10/1987,RS,LAL,,SAS,W,155,37,0,12,12,13,3,0,5,5,18,40.54,12.43,52.97
Magic Johnson,G-F,12/19/1989,RS,LAL,@,CHI,L,155,42,6,6,12,10,4,0,3,3,18,40.48,10.95,51.43
Magic Johnson,G-F,03/16/1986,RS,LAL,,HOU,W,155,42,2,10,12,12,2,0,6,1,19,40.00,10.95,50.95
Magic Johnson,G-F,06/06/1984,PL,LAL,,BOS,L,155,49,1,10,11,17,2,0,7,5,20,39.18,6.12,45.31
Magic Johnson,G-F,04/22/1984,PL,LAL,@,KCK,W,155,42,0,10,10,13,2,1,3,3,17,38.57,10.71,49.29
Magic Johnson,G-F,02/14/1996,RS,LAL,,ATL,W,155,39,1,9,10,13,1,0,4,3,15,38.21,6.41,44.62
Magic Johnson,G-F,12/07/1989,RS,LAL,,PHO,W,155,41,3,8,11,12,1,1,4,2,18,38.05,8.05,46.10
Magic Johnson,G-F,01/06/1984,RS,LAL,,SAS,L,155,41,3,7,10,12,5,2,6,4,19,37.56,16.83,54.39
Magic Johnson,G-F,05/19/1987,PL,LAL,,SEA,W,155,45,1,9,10,10,2,1,4,3,20,37.56,9.33,46.89
Magic Johnson,G-F,02/26/1985,RS,LAL,,HOU,W,155,40,5,6,11,18,1,1,8,0,15,36.75,8.75,45.50
Magic Johnson,G-F,12/08/1987,RS,LAL,@,NJN,W,155,42,3,10,13,14,2,1,3,3,13,36.67,10.71,47.38
Magic Johnson,G-F,03/29/1984,RS,LAL,,HOU,W,155,38,2,9,11,10,4,1,4,2,14,35.53,17.37,52.89
Magic Johnson,G-F,01/31/1989,RS,LAL,@,HOU,W,155,34,0,11,11,10,1,0,5,2,17,35.00,10.29,45.29
Magic Johnson,G-F,01/21/1988,RS,LAL,@,DEN,L,155,42,0,10,10,14,1,1,5,3,18,35.00,8.33,43.33
Magic Johnson,G-F,11/09/1989,RS,LAL,@,GSW,W,155,39,3,7,10,10,1,0,3,1,19,34.62,6.92,41.54
Magic Johnson,G-F,05/18/1986,PL,LAL,@,HOU,L,155,46,1,11,12,11,1,0,4,5,20,33.48,5.00,38.48
Magic Johnson,G-F,06/09/1985,PL,LAL,@,BOS,W,155,36,1,9,10,14,1,0,4,5,14,33.33,4.72,38.06
Magic Johnson,G-F,01/21/1984,RS,LAL,@,SAS,L,155,42,4,8,12,12,2,0,4,4,12,31.19,6.67,37.86
Magic Johnson,G-F,04/01/1989,RS,LAL,@,DEN,L,155,45,1,16,17,15,2,0,8,3,20,30.22,12.44,42.67
Magic Johnson,G-F,02/10/1984,RS,LAL,@,WSB,L,155,40,2,8,10,13,2,1,6,3,13,28.50,9.75,38.25
Magic Johnson,G-F,04/13/1988,RS,LAL,@,DEN,L,155,35,2,9,11,10,0,0,5,2,14,28.00,5.43,33.43
Magic Johnson,G-F,11/01/1984,RS,LAL,@,SEA,L,155,39,2,8,10,14,3,0,5,2,10,27.44,11.79,39.23
Magic Johnson,G-F,02/01/1984,RS,LAL,@,DEN,W,155,40,2,8,10,17,1,2,5,4,10,27.00,8.00,35.00
Magic Johnson,G-F,01/27/1989,RS,LAL,,CHH,W,155,31,1,9,10,10,2,0,3,0,12,26.13,15.16,41.29
Magic Johnson,G-F,11/02/1983,RS,LAL,@,SDC,L,155,39,2,9,11,13,4,1,8,1,12,25.90,17.95,43.85
Magic Johnson,G-F,05/06/1984,PL,LAL,@,DAL,W,155,47,4,7,11,16,2,1,7,2,14,25.11,8.51,33.62
Magic Johnson,G-F,03/13/1989,RS,LAL,,HOU,W,155,43,4,8,12,11,1,1,5,4,19,23.26,5.81,29.07
Magic Johnson,G-F,,,,,,,155,,,,,,,,,,,,,N/A
Magic Johnson,G-F,,,,,,,155,,,,,,,,,,,,,N/A
Magic Johnson,G-F,,,,,,,155,,,,,,,,,,,,,N/A
Magic Johnson,G-F,,,,,,,155,,,,,,,,,,,,,N/A
Magic Johnson,G-F,,,,,,,155,,,,,,,,,,,,,N/A
Magic Johnson,G-F,,,,,,,155,,,,,,,,,,,,,N/A
Magic Johnson,G-F,,,,,,,155,,,,,,,,,,,,,N/A
Magic Johnson,G-F,,,,,,,155,,,,,,,,,,,,,N/A
Magic Johnson,G-F,,,,,,,155,,,,,,,,,,,,,N/A
Magic Johnson,G-F,,,,,,,155,,,,,,,,,,,,,N/A
Magic Johnson,G-F,,,,,,,155,,,,,,,,,,,,,N/A
Magic Johnson,G-F,,,,,,,155,,,,,,,,,,,,,N/A
Magic Johnson,G-F,,,,,,,155,,,,,,,,,,,,,N/A
Magic Johnson,G-F,,,,,,,155,,,,,,,,,,,,,N/A
Magic Johnson,G-F,,,,,,,155,,,,,,,,,,,,,N/A
Magic Johnson,G-F,,,,,,,155,,,,,,,,,,,,,N/A
Magic Johnson,G-F,,,,,,,155,,,,,,,,,,,,,N/A
Magic Johnson,G-F,,,,,,,155,,,,,,,,,,,,,N/A
Magic Johnson,G-F,,,,,,,155,,,,,,,,,,,,,N/A
Magic Johnson,G-F,,,,,,,155,,,,,,,,,,,,,N/A
Magic Johnson,G-F,,,,,,,155,,,,,,,,,,,,,N/A
Magic Johnson,G-F,,,,,,,155,,,,,,,,,,,,,N/A
Magic Johnson,G-F,,,,,,,155,,,,,,,,,,,,,N/A
Magic Johnson,G-F,,,,,,,155,,,,,,,,,,,,,N/A
Magic Johnson,G-F,,,,,,,155,,,,,,,,,,,,,N/A
Magic Johnson,G-F,,,,,,,155,,,,,,,,,,,,,N/A
Magic Johnson,G-F,,,,,,,155,,,,,,,,,,,,,N/A
Magic Johnson,G-F,,,,,,,155,,,,,,,,,,,,,N/A
Magic Johnson,G-F,,,,,,,155,,,,,,,,,,,,,N/A
Magic Johnson,G-F,,,,,,,155,,,,,,,,,,,,,N/A
Magic Johnson,G-F,,,,,,,155,,,,,,,,,,,,,N/A
Magic Johnson,G-F,,,,,,,155,,,,,,,,,,,,,N/A
Magic Johnson,G-F,,,,,,,155,,,,,,,,,,,,,N/A
Magic Johnson,G-F,,,,,,,155,,,,,,,,,,,,,N/A
Magic Johnson,G-F,,,,,,,155,,,,,,,,,,,,,N/A
Magic Johnson,G-F,,,,,,,155,,,,,,,,,,,,,N/A
Magic Johnson,G-F,,,,,,,155,,,,,,,,,,,,,N/A
Magic Johnson,G-F,,,,,,,155,,,,,,,,,,,,,N/A
Magic Johnson,G-F,,,,,,,155,,,,,,,,,,,,,N/A
Magic Johnson,G-F,,,,,,,155,,,,,,,,,,,,,N/A
Magic Johnson,G-F,,,,,,,155,,,,,,,,,,,,,N/A
Magic Johnson,G-F,,,,,,,155,,,,,,,,,,,,,N/A
Magic Johnson,G-F,,,,,,,155,,,,,,,,,,,,,N/A
Magic Johnson,G-F,,,,,,,155,,,,,,,,,,,,,N/A
Magic Johnson,G-F,,,,,,,155,,,,,,,,,,,,,N/A
Magic Johnson,G-F,,,,,,,155,,,,,,,,,,,,,N/A
Magic Johnson,G-F,,,,,,,155,,,,,,,,,,,,,N/A
Jason Kidd,G,04/16/2008,RS,DAL,,NOH,W,118,37,4,6,10,10,0,0,1,2,27,80.00,2.70,82.70
Jason Kidd,G,04/07/2005,RS,NJN,,NYK,W,118,36,4,6,10,12,1,0,1,3,28,75.56,4.44,80.00
Jason Kidd,G,12/17/1999,RS,PHO,@,POR,W,118,40,3,9,12,10,2,0,1,3,32,73.00,8.75,81.75
Jason Kidd,G,02/29/1996,RS,DAL,@,DEN,W,118,35,3,9,12,12,0,0,3,1,26,72.00,6.57,78.57
Jason Kidd,G,12/18/1999,RS,PHO,,SAC,W,118,42,6,8,14,14,4,0,2,2,27,71.43,13.33,84.76
Jason Kidd,G,05/14/2000,PL,PHO,,LAL,W,118,37,2,8,10,16,2,0,3,3,22,68.38,8.65,77.03
Jason Kidd,G,02/15/1999,RS,PHO,@,DEN,W,118,42,3,8,11,13,0,2,1,2,28,68.33,7.14,75.48
Jason Kidd,G,01/12/1996,RS,DAL,@,PHO,W,118,50,3,9,12,16,1,1,6,4,33,68.20,5.60,73.80
Jason Kidd,G,02/23/2007,RS,NJN,,SAC,W,118,33,3,10,13,10,0,0,1,1,22,66.97,7.88,74.85
Jason Kidd,G,11/09/2002,RS,NJN,@,CHI,L,118,40,3,8,11,12,2,0,0,2,25,65.50,9.00,74.50
Jason Kidd,G,05/12/2007,PL,NJN,,CLE,W,118,40,2,11,13,14,1,0,3,3,23,65.00,7.75,72.75
Jason Kidd,G,12/07/2006,RS,NJN,,PHO,L,118,48,0,14,14,14,1,0,4,5,38,64.17,6.67,70.83
Jason Kidd,G,03/14/1999,RS,PHO,,HOU,W,118,42,3,8,11,14,0,0,0,1,26,63.81,4.76,68.57
Jason Kidd,G,02/02/2002,RS,NJN,,TOR,W,118,43,3,7,10,10,3,0,6,2,31,60.00,10.00,70.00
Jason Kidd,G,04/11/1995,RS,DAL,@,HOU,W,118,49,4,7,11,10,3,0,3,4,38,59.39,7.14,66.53
Jason Kidd,G,04/25/1999,RS,PHO,,HOU,W,118,37,2,8,10,14,2,0,4,1,22,58.92,10.81,69.73
Jason Kidd,G,01/31/2002,RS,NJN,,MIL,W,118,39,2,8,10,13,3,0,2,1,21,58.46,12.82,71.28
Jason Kidd,G,02/19/2002,RS,NJN,,GSW,W,118,43,4,8,12,12,2,1,4,2,26,56.05,10.00,66.05
Jason Kidd,G,04/05/1995,RS,DAL,,LAL,W,118,33,2,8,10,12,1,1,3,2,19,53.94,10.00,63.94
Jason Kidd,G,02/23/2003,RS,NJN,,ORL,L,118,43,5,6,11,15,6,0,3,1,26,53.72,17.21,70.93
Jason Kidd,G,02/09/2005,RS,NJN,,LAL,L,118,48,1,11,12,12,0,0,0,1,28,52.71,6.04,58.75
Jason Kidd,G,02/22/1999,RS,PHO,,DAL,W,118,35,1,9,10,12,0,1,2,0,17,52.57,9.71,62.29
Jason Kidd,G,01/05/2001,RS,PHO,,VAN,W,118,29,3,7,10,14,1,1,2,1,11,52.41,11.72,64.14
Jason Kidd,G,03/13/2009,RS,DAL,@,GSW,L,118,38,1,9,10,11,2,0,2,4,21,51.05,8.16,59.21
Jason Kidd,G,02/08/2008,RS,NJN,@,CHA,W,118,33,1,10,11,13,0,2,5,0,19,50.91,13.33,64.24
Jason Kidd,G,02/07/2005,RS,NJN,,PHI,W,118,49,5,6,11,16,0,0,2,0,22,50.82,3.67,54.49
Jason Kidd,G,03/19/2002,RS,NJN,@,CLE,L,118,42,3,7,10,10,2,0,4,4,30,50.71,5.95,56.67
Jason Kidd,G,04/27/2007,PL,NJN,,TOR,W,118,40,4,12,16,19,3,1,5,2,16,50.25,16.25,66.50
Jason Kidd,G,12/11/2006,RS,NJN,,MEM,W,118,33,2,8,10,13,3,0,2,1,12,50.00,15.15,65.15
Jason Kidd,G,12/26/2003,RS,NJN,@,DET,W,118,42,3,8,11,12,2,0,4,3,24,48.33,7.62,55.95
Jason Kidd,G,03/01/2011,RS,DAL,@,PHI,W,118,37,0,10,10,13,3,0,0,3,13,47.84,12.97,60.81
Jason Kidd,G,01/11/2007,RS,NJN,@,CHI,W,118,43,3,11,14,11,2,0,3,2,23,47.21,10.47,57.67
Jason Kidd,G,05/11/2004,PL,NJN,,DET,W,118,39,4,6,10,11,2,1,6,2,22,47.18,9.49,56.67
Jason Kidd,G,12/23/2000,RS,PHO,,DEN,W,118,33,1,9,10,13,1,1,3,2,14,46.97,10.91,57.88
Jason Kidd,G,11/21/1995,RS,DAL,,CHI,L,118,47,8,7,15,11,6,0,3,3,25,46.60,14.68,61.28
Jason Kidd,G,05/01/2003,PL,NJN,@,MIL,W,118,38,1,10,11,11,3,0,6,3,22,46.05,12.63,58.68
Jason Kidd,G,05/19/2002,PL,NJN,,BOS,W,118,39,2,11,13,11,0,1,4,2,18,44.36,8.21,52.56
Jason Kidd,G,02/16/2005,RS,NJN,,SAC,W,118,40,1,10,11,10,1,0,2,1,19,44.25,9.00,53.25
Jason Kidd,G,06/05/2002,PL,NJN,@,LAL,L,118,43,6,4,10,10,3,0,1,1,23,44.19,8.84,53.02
Jason Kidd,G,04/10/2010,RS,DAL,@,SAC,W,118,32,0,10,10,13,2,0,3,3,11,44.06,11.88,55.94
Jason Kidd,G,02/25/1999,RS,PHO,@,VAN,W,118,43,5,7,12,16,6,0,3,3,14,43.95,16.05,60.00
Jason Kidd,G,12/05/2003,RS,NJN,,MIL,W,118,36,4,6,10,11,1,0,2,1,16,43.61,6.67,50.28
Jason Kidd,G,02/26/2010,RS,DAL,@,ATL,W,118,46,3,13,16,17,2,0,3,1,19,43.04,11.96,55.00
Jason Kidd,G,03/13/2006,RS,NJN,@,HOU,W,118,36,3,7,10,10,0,1,1,2,11,42.78,5.56,48.33
Jason Kidd,G,03/15/1998,RS,PHO,,DAL,W,118,44,3,10,13,12,5,2,4,2,20,42.05,19.55,61.59
Jason Kidd,G,01/08/2005,RS,NJN,@,ORL,L,118,41,2,9,11,11,2,0,2,0,22,41.95,11.46,53.41
Jason Kidd,G,04/09/2003,RS,NJN,@,ATL,L,118,43,2,9,11,12,0,0,4,0,23,41.86,6.28,48.14
Jason Kidd,G,11/25/2003,RS,NJN,@,SEA,W,118,35,2,9,11,10,2,0,1,3,13,41.71,10.00,51.71
Jason Kidd,G,04/21/1996,RS,DAL,@,SAS,W,118,43,2,8,10,15,3,0,2,1,21,41.40,11.63,53.02
Jason Kidd,G,01/23/1996,RS,DAL,@,SAC,W,118,43,2,8,10,10,3,0,8,3,29,41.16,9.77,50.93
Jason Kidd,G,03/22/1997,RS,PHO,@,HOU,W,118,37,0,10,10,15,0,0,2,3,12,40.81,4.86,45.68
Jason Kidd,G,10/31/2000,RS,PHO,@,GSW,L,118,45,1,9,10,11,5,0,5,4,24,40.67,13.56,54.22
Jason Kidd,G,10/31/2003,RS,NJN,,MIN,W,118,42,3,8,11,14,4,1,5,1,21,40.24,15.95,56.19
Jason Kidd,G,05/21/2002,PL,NJN,,BOS,L,118,43,5,11,16,10,3,0,6,2,23,40.23,12.79,53.02
Jason Kidd,G,04/13/2007,RS,NJN,,NYK,W,118,37,5,9,14,11,0,0,3,2,13,40.00,5.14,45.14
Jason Kidd,G,02/21/2006,RS,NJN,@,MIL,W,118,39,1,11,12,13,2,0,2,3,12,39.49,10.51,50.00
Jason Kidd,G,04/11/1996,RS,DAL,@,POR,L,118,39,3,7,10,10,2,0,4,3,19,39.23,7.44,46.67
Jason Kidd,G,11/22/2001,RS,NJN,@,LAC,W,118,40,3,9,12,11,3,0,3,3,16,39.00,11.25,50.25
Jason Kidd,G,01/06/2006,RS,NJN,,ORL,W,118,38,2,9,11,13,3,1,5,2,16,38.68,14.74,53.42
Jason Kidd,G,12/26/1997,RS,PHO,@,VAN,W,118,38,3,9,12,10,2,0,2,1,13,38.68,11.32,50.00
Jason Kidd,G,11/01/2006,RS,NJN,,TOR,W,118,35,4,6,10,10,0,0,5,2,14,37.71,2.86,40.57
Jason Kidd,G,01/14/2002,RS,NJN,,SAS,W,118,39,1,9,10,12,2,0,3,3,16,37.69,8.97,46.67
Jason Kidd,G,12/11/2007,RS,NJN,,LAC,L,118,38,0,10,10,11,2,0,0,5,11,37.63,7.89,45.53
Jason Kidd,G,04/07/1995,RS,DAL,,MIN,W,118,29,4,6,10,13,1,0,3,2,11,37.59,6.90,44.48
Jason Kidd,G,11/12/2006,RS,NJN,@,WAS,W,118,44,0,11,11,18,4,0,3,2,15,37.05,14.77,51.82
Jason Kidd,G,05/14/2006,PL,NJN,,MIA,L,118,44,3,10,13,12,0,0,2,3,17,37.05,4.09,41.14
Jason Kidd,G,03/15/2002,RS,NJN,,MIA,W,118,38,3,9,12,14,0,1,2,1,11,36.84,7.89,44.74
Jason Kidd,G,01/30/1996,RS,DAL,,LAC,W,118,48,6,10,16,16,2,0,8,2,21,36.46,8.75,45.21
Jason Kidd,G,03/23/2001,RS,PHO,,PHI,W,118,36,2,8,10,14,4,0,3,2,12,36.39,15.56,51.94
Jason Kidd,G,02/14/2001,RS,PHO,,MIN,W,118,43,0,10,10,12,1,0,3,0,19,36.28,9.30,45.58
Jason Kidd,G,11/03/2007,RS,NJN,@,PHI,W,118,37,1,13,14,10,3,1,4,3,16,35.95,17.30,53.24
Jason Kidd,G,03/13/2005,RS,NJN,@,ORL,W,118,38,2,8,10,10,5,1,4,3,14,35.79,18.16,53.95
Jason Kidd,G,12/22/2007,RS,NJN,,GSW,W,118,38,2,9,11,12,1,0,2,2,15,35.79,7.63,43.42
Jason Kidd,G,01/22/2007,RS,NJN,@,SAC,L,118,39,1,9,10,10,1,0,3,2,18,35.64,7.44,43.08
Jason Kidd,G,04/08/1997,RS,PHO,,MIN,W,118,42,2,8,10,13,2,0,3,4,15,35.48,6.67,42.14
Jason Kidd,G,11/09/2000,RS,PHO,,ATL,W,118,43,2,11,13,12,4,1,4,0,19,34.42,18.60,53.02
Jason Kidd,G,03/04/2006,RS,NJN,,TOR,W,118,45,0,13,13,15,2,1,4,1,14,34.22,13.78,48.00
Jason Kidd,G,12/09/2007,RS,NJN,@,WAS,L,118,38,2,8,10,13,1,0,5,2,13,33.68,6.84,40.53
Jason Kidd,G,11/12/2003,RS,NJN,,SAS,L,118,40,3,9,12,13,1,0,2,2,14,33.25,7.25,40.50
Jason Kidd,G,04/15/2009,RS,DAL,,HOU,W,118,41,2,8,10,12,0,0,4,3,11,32.93,2.93,35.85
Jason Kidd,G,01/12/2000,RS,PHO,@,VAN,W,118,43,4,6,10,10,6,0,4,4,20,32.56,14.42,46.98
Jason Kidd,G,02/23/1996,RS,DAL,,LAL,L,118,37,5,5,10,12,3,1,2,3,17,32.16,10.81,42.97
Jason Kidd,G,12/27/2003,RS,NJN,@,IND,W,118,42,0,10,10,14,4,0,4,2,16,32.14,14.76,46.90
Jason Kidd,G,04/17/2005,RS,NJN,,PHI,W,118,40,3,7,10,16,4,0,4,4,11,32.00,11.25,43.25
Jason Kidd,G,03/04/2007,RS,NJN,@,PHI,L,118,38,2,12,14,14,3,0,2,2,11,31.58,15.26,46.84
Jason Kidd,G,04/09/2006,RS,NJN,@,MIL,W,118,35,2,10,12,10,3,0,3,0,11,31.43,17.14,48.57
Jason Kidd,G,04/15/1998,RS,PHO,,DEN,W,118,46,3,8,11,11,3,0,3,0,14,31.09,11.74,42.83
Jason Kidd,G,04/06/2006,RS,NJN,,CHA,W,118,37,2,8,10,12,3,0,5,2,13,30.81,12.43,43.24
Jason Kidd,G,01/08/2008,RS,NJN,@,CHA,L,118,38,0,11,11,12,1,1,3,1,13,30.53,12.11,42.63
Jason Kidd,G,11/21/2007,RS,NJN,@,POR,W,118,41,2,9,11,13,1,0,4,2,12,30.24,7.07,37.32
Jason Kidd,G,01/04/2008,RS,NJN,,CHA,W,118,40,1,9,10,12,3,1,3,0,11,29.25,16.00,45.25
Jason Kidd,G,12/13/2006,RS,NJN,,MIL,W,118,39,5,5,10,10,3,1,4,2,10,29.23,11.28,40.51
Jason Kidd,G,11/11/2008,RS,DAL,,LAL,L,118,39,1,10,11,10,4,1,5,2,16,28.97,17.69,46.67
Jason Kidd,G,12/30/2010,RS,DAL,,SAS,L,118,38,2,8,10,13,2,2,3,3,12,28.95,12.11,41.05
Jason Kidd,G,01/13/1996,RS,DAL,,CHH,L,118,36,5,5,10,11,1,0,7,4,13,28.89,2.50,31.39
Jason Kidd,G,12/27/1999,RS,PHO,@,UTA,L,118,42,1,11,12,15,1,1,9,3,16,28.33,9.05,37.38
Jason Kidd,G,03/12/2004,RS,NJN,,CHI,W,118,38,2,8,10,13,3,0,5,0,13,28.16,14.21,42.37
Jason Kidd,G,05/31/2002,PL,NJN,@,BOS,W,118,42,1,12,13,13,1,1,2,1,15,28.10,11.67,39.76
Jason Kidd,G,01/23/2006,RS,NJN,@,UTA,L,118,42,2,10,12,10,1,0,4,2,17,27.86,7.62,35.48
Jason Kidd,G,01/02/1998,RS,PHO,,DAL,W,118,44,4,8,12,14,3,0,7,2,20,27.73,10.45,38.18
Jason Kidd,G,04/28/2005,PL,NJN,,MIA,L,118,54,4,12,16,13,3,0,1,4,16,27.41,9.26,36.67
Jason Kidd,G,02/18/2004,RS,NJN,,ATL,W,118,38,1,12,13,10,1,0,1,0,15,27.11,12.11,39.21
Jason Kidd,G,04/07/2007,RS,NJN,,WAS,W,118,40,6,10,16,18,4,0,9,1,10,26.50,16.50,43.00
Jason Kidd,G,02/17/1999,RS,PHO,@,SAS,W,118,44,4,11,15,10,2,0,4,4,14,26.36,8.41,34.77
Jason Kidd,G,11/27/2007,RS,NJN,,MEM,L,118,42,2,13,15,12,0,0,3,4,12,26.19,5.48,31.67
Jason Kidd,G,12/18/2006,RS,NJN,,GSW,W,118,37,2,9,11,12,2,0,2,1,10,25.95,11.62,37.57
Jason Kidd,G,04/20/1995,RS,DAL,,SAS,L,118,33,1,11,12,13,2,1,5,0,10,24.24,18.18,42.42
Jason Kidd,G,04/29/1999,RS,PHO,@,DEN,W,118,45,6,7,13,11,1,0,3,4,11,23.78,3.33,27.11
Jason Kidd,G,11/24/2001,RS,NJN,@,SAC,L,118,41,0,10,10,12,0,0,6,1,16,23.41,6.34,29.76
Jason Kidd,G,01/25/2008,RS,NJN,@,DEN,L,118,40,1,10,11,10,2,2,5,2,13,23.25,14.00,37.25
Jason Kidd,G,02/08/2004,RS,NJN,,PHI,W,118,43,1,12,13,10,3,0,6,3,14,22.33,12.56,34.88
Jason Kidd,G,11/05/2005,RS,NJN,,CHI,W,118,40,1,10,11,11,3,0,4,1,10,21.50,14.00,35.50
Jason Kidd,G,01/05/2008,RS,NJN,@,ATL,W,118,42,4,9,13,14,3,0,7,4,10,20.71,9.76,30.48
Jason Kidd,G,11/17/2000,RS,PHO,,NYK,L,118,45,5,7,12,10,0,0,14,4,18,17.11,1.11,18.22
Jason Kidd,G,11/16/2007,RS,NJN,,ORL,L,118,37,4,15,19,10,2,0,6,0,11,16.76,17.57,34.32
Jason Kidd,G,12/13/2002,RS,NJN,,WAS,W,118,39,0,10,10,10,2,1,2,1,11,15.64,13.59,29.23
Jason Kidd,G,01/15/2005,RS,NJN,@,DAL,L,118,46,2,8,10,11,2,0,5,2,10,12.17,7.83,20.00
Jason Kidd,G,12/21/1999,RS,PHO,@,SAS,L,118,51,4,7,11,10,2,1,3,3,15,11.76,7.06,18.82
Russell Westbrook,G,04/09/2017,RS,OKC,@,DEN,W,84,37,2,14,16,10,1,0,2,1,50,110.27,12.97,123.24
Russell Westbrook,G,11/13/2016,RS,OKC,,ORL,L,84,38,2,10,12,16,0,0,2,2,41,106.58,5.79,112.37
Russell Westbrook,G,12/23/2016,RS,OKC,@,BOS,W,84,35,1,10,11,11,1,0,4,1,45,103.71,10.29,114.00
Russell Westbrook,G,03/29/2017,RS,OKC,@,ORL,W,84,42,3,10,13,11,3,0,7,3,57,93.81,11.43,105.24
Russell Westbrook,G,03/16/2017,RS,OKC,@,TOR,W,84,28,0,10,10,16,1,0,2,2,24,87.50,11.43,98.93
Russell Westbrook,G,10/30/2016,RS,OKC,,LAL,W,84,34,4,7,11,16,1,1,7,3,33,87.35,7.65,95.00
Russell Westbrook,G,03/04/2015,RS,OKC,,PHI,W,84,42,3,12,15,10,3,1,4,3,49,85.24,14.52,99.76
Russell Westbrook,G,02/03/2017,RS,OKC,,MEM,W,84,38,2,11,13,12,3,0,5,2,38,84.21,14.47,98.68
Russell Westbrook,G,03/14/2016,RS,OKC,,POR,W,84,28,2,8,10,16,2,1,0,2,17,83.93,15.36,99.29
Russell Westbrook,G,11/18/2016,RS,OKC,,BRK,W,84,34,3,7,10,13,1,0,3,0,30,83.24,9.12,92.35
Russell Westbrook,G,12/17/2016,RS,OKC,,PHO,W,84,34,0,11,11,22,2,1,5,3,26,82.65,14.12,96.76
Russell Westbrook,G,02/15/2017,RS,OKC,,NYK,W,84,38,3,11,14,12,3,1,6,0,38,80.79,18.42,99.21
Russell Westbrook,G,03/22/2017,RS,OKC,,PHI,W,84,28,0,11,11,14,0,2,5,1,18,75.00,15.36,90.36
Russell Westbrook,G,03/26/2017,RS,OKC,@,HOU,L,84,39,0,11,11,13,0,0,5,4,39,74.62,4.36,78.97
Russell Westbrook,G,02/27/2015,RS,OKC,@,POR,L,84,37,5,8,13,11,1,0,6,1,40,74.59,8.11,82.70
Russell Westbrook,G,01/15/2017,RS,OKC,@,SAC,W,84,36,2,9,11,10,4,0,7,1,36,74.17,17.50,91.67
Russell Westbrook,G,02/03/2016,RS,OKC,,ORL,W,84,38,7,12,19,14,2,0,2,1,24,73.95,13.68,87.63
Russell Westbrook,G,03/28/2016,RS,OKC,@,TOR,W,84,34,3,7,10,12,1,0,3,1,26,73.82,7.94,81.76
Russell Westbrook,G,01/07/2017,RS,OKC,,DEN,W,84,35,2,15,17,11,3,0,5,3,32,73.43,18.00,91.43
Russell Westbrook,G,01/13/2011,RS,OKC,,ORL,W,84,42,3,7,10,13,1,2,1,1,32,71.43,9.76,81.19
Russell Westbrook,G,04/05/2015,RS,OKC,,HOU,L,84,41,1,10,11,13,0,0,4,5,40,70.98,2.44,73.41
Russell Westbrook,G,02/26/2017,RS,OKC,,NOP,W,84,37,2,9,11,11,1,0,9,2,41,70.27,7.84,78.11
Russell Westbrook,G,02/28/2017,RS,OKC,,UTA,W,84,39,0,11,11,10,0,0,8,1,43,69.74,7.44,77.18
Russell Westbrook,G,03/09/2016,RS,OKC,,LAC,W,84,37,2,9,11,19,2,1,7,2,25,69.73,12.43,82.16
Russell Westbrook,G,12/05/2016,RS,OKC,@,ATL,W,84,34,1,12,13,12,1,1,4,1,32,69.71,14.41,84.12
Russell Westbrook,G,12/31/2016,RS,OKC,,LAC,W,84,29,0,12,12,14,2,0,1,0,17,69.31,19.31,88.62
Russell Westbrook,G,02/02/2015,RS,OKC,,ORL,W,84,38,1,10,11,14,4,1,2,1,25,68.95,19.21,88.16
Russell Westbrook,G,05/03/2014,PL,OKC,,MEM,W,84,39,4,6,10,16,2,1,7,3,27,67.69,8.46,76.15
Russell Westbrook,G,05/07/2014,PL,OKC,,LAC,W,84,41,6,4,10,10,3,0,4,3,31,66.34,7.32,73.66
Russell Westbrook,G,05/24/2016,PL,OKC,,GSW,W,84,41,5,6,11,11,4,0,6,1,36,66.10,13.17,79.27
Russell Westbrook,G,03/14/2017,RS,OKC,@,BRK,W,84,35,1,11,12,19,2,1,5,3,25,65.71,13.71,79.43
Russell Westbrook,G,11/25/2016,RS,OKC,@,DEN,W,84,41,1,10,11,17,0,1,7,3,36,65.61,6.10,71.71
Russell Westbrook,G,04/02/2017,RS,OKC,,CHO,L,84,36,1,12,13,10,3,0,8,1,40,65.56,17.22,82.78
Russell Westbrook,G,04/02/2017,RS,OKC,,CHO,L,84,36,1,12,13,10,2,0,8,1,40,65.56,14.44,80.00
Russell Westbrook,G,03/11/2017,RS,OKC,,UTA,W,84,36,1,10,11,14,2,2,5,1,33,65.28,16.67,81.94
Russell Westbrook,G,10/28/2016,RS,OKC,,PHO,W,84,45,3,10,13,10,2,0,5,3,51,64.67,8.44,73.11
Russell Westbrook,G,03/04/2014,RS,OKC,,PHI,W,84,20,1,9,10,14,3,0,6,2,13,64.00,24.50,88.50
Russell Westbrook,G,03/27/2017,RS,OKC,@,DAL,W,84,36,0,13,13,10,2,0,6,0,37,63.89,16.39,80.28
Russell Westbrook,G,03/20/2015,RS,OKC,,ATL,W,84,44,2,8,10,14,1,0,6,3,36,62.73,5.00,67.73
Russell Westbrook,G,01/28/2011,RS,OKC,,WAS,W,84,45,3,10,13,13,0,2,4,2,35,62.67,8.00,70.67
Russell Westbrook,G,01/23/2017,RS,OKC,@,UTA,W,84,36,1,10,11,10,4,1,6,3,38,61.67,18.06,79.72
Russell Westbrook,G,02/29/2016,RS,OKC,@,SAC,W,84,35,2,11,13,15,3,0,7,2,20,60.86,15.71,76.57
Russell Westbrook,G,11/10/2015,RS,OKC,@,WAS,W,84,28,2,9,11,11,1,0,5,0,22,59.29,13.21,72.50
Russell Westbrook,G,11/28/2016,RS,OKC,@,NYK,W,84,36,5,12,17,14,2,0,7,3,27,57.78,12.22,70.00
Russell Westbrook,G,03/08/2015,RS,OKC,,TOR,W,84,40,3,8,11,17,4,1,9,1,30,57.75,16.75,74.50
Russell Westbrook,G,03/31/2017,RS,OKC,,SAS,L,84,37,2,13,15,12,0,0,8,1,32,57.30,9.46,66.76
Russell Westbrook,G,03/13/2015,RS,OKC,,MIN,W,84,35,4,6,10,12,2,0,8,1,29,56.57,9.71,66.29
Russell Westbrook,G,02/21/2010,RS,OKC,@,MIN,W,84,38,3,7,10,14,2,0,3,2,22,55.79,8.68,64.47
Russell Westbrook,G,03/09/2017,RS,OKC,,SAS,W,84,35,3,10,13,13,2,0,3,2,23,54.00,12.00,66.00
Russell Westbrook,G,01/15/2016,RS,OKC,,MIN,W,84,27,3,8,11,10,2,0,2,4,12,53.70,10.37,64.07
Russell Westbrook,G,03/22/2016,RS,OKC,,HOU,W,84,37,3,9,12,15,1,0,4,1,21,52.43,8.92,61.35
Russell Westbrook,G,12/31/2010,RS,OKC,,ATL,W,84,37,3,7,10,10,2,0,1,2,23,52.16,8.92,61.08
Russell Westbrook,G,02/26/2015,RS,OKC,@,PHO,L,84,43,3,11,14,11,3,0,4,3,39,51.63,11.86,63.49
Russell Westbrook,G,11/30/2016,RS,OKC,,WAS,W,84,41,4,10,14,11,2,0,5,3,35,50.73,9.27,60.00
Russell Westbrook,G,04/05/2016,RS,OKC,@,DEN,W,84,27,3,11,14,12,2,0,5,1,13,48.15,18.15,66.30
Russell Westbrook,G,12/27/2016,RS,OKC,@,MIA,W,84,37,0,17,17,11,0,0,7,0,29,47.30,13.78,61.08
Russell Westbrook,G,11/20/2016,RS,OKC,,IND,L,84,40,5,6,11,15,2,0,7,3,31,46.50,6.50,53.00
Russell Westbrook,G,05/15/2011,PL,OKC,,MEM,W,84,35,6,4,10,14,0,1,5,2,14,46.29,3.14,49.43
Russell Westbrook,G,02/09/2017,RS,OKC,,CLE,W,84,35,1,11,12,11,4,0,7,4,29,45.43,16.29,61.71
Russell Westbrook,G,01/18/2017,RS,OKC,@,GSW,L,84,35,4,11,15,13,2,2,10,5,27,44.57,13.43,58.00
Russell Westbrook,G,01/16/2015,RS,OKC,,GSW,W,84,36,3,12,15,16,4,0,3,4,17,44.44,16.67,61.11
Russell Westbrook,G,01/29/2016,RS,OKC,,HOU,W,84,37,1,9,10,14,1,1,8,3,26,43.78,8.65,52.43
Russell Westbrook,G,04/29/2014,PL,OKC,,MEM,L,84,48,5,5,10,13,1,1,4,2,30,43.54,5.00,48.54
Russell Westbrook,G,12/06/2015,RS,OKC,,SAC,W,84,38,0,11,11,10,3,0,3,2,19,42.89,14.47,57.37
Russell Westbrook,G,02/24/2015,RS,OKC,,IND,W,84,28,0,11,11,10,1,0,5,1,20,42.50,13.93,56.43
Russell Westbrook,G,04/11/2016,RS,OKC,,LAL,W,84,28,0,10,10,14,1,0,3,2,13,42.50,11.43,53.93
Russell Westbrook,G,01/17/2016,RS,OKC,,MIA,W,84,33,3,7,10,15,2,0,3,2,13,40.61,10.00,50.61
Russell Westbrook,G,02/01/2016,RS,OKC,,WAS,W,84,36,1,12,13,11,1,0,5,2,17,40.28,10.56,50.83
Russell Westbrook,G,03/30/2013,RS,OKC,@,MIL,W,84,37,2,11,13,10,3,1,5,4,23,39.46,14.59,54.05
Russell Westbrook,G,03/18/2016,RS,OKC,@,PHI,W,84,32,3,12,15,10,1,2,5,2,20,39.06,16.25,55.31
Russell Westbrook,G,01/11/2017,RS,OKC,,MEM,W,84,37,1,12,13,12,2,1,6,1,24,38.65,15.95,54.59
Russell Westbrook,G,12/25/2013,RS,OKC,@,NYK,W,84,29,1,12,13,10,1,1,2,2,14,37.24,15.52,52.76
Russell Westbrook,G,02/24/2017,RS,OKC,,LAL,W,84,35,2,16,18,17,3,0,6,1,17,36.86,21.14,58.00
Russell Westbrook,G,11/13/2015,RS,OKC,,PHI,W,84,35,4,13,17,11,3,0,6,1,21,36.86,18.57,55.43
Russell Westbrook,G,12/04/2016,RS,OKC,,NOP,W,84,38,1,16,17,12,1,0,10,1,28,36.32,14.21,50.53
Russell Westbrook,G,01/25/2017,RS,OKC,@,NOP,W,84,36,1,11,12,10,1,1,8,3,27,35.83,10.56,46.39
Russell Westbrook,G,04/01/2015,RS,OKC,,DAL,L,84,44,3,8,11,11,1,0,6,4,31,35.45,4.09,39.55
Russell Westbrook,G,12/09/2016,RS,OKC,,HOU,L,84,36,1,9,10,10,3,0,8,3,27,33.33,12.50,45.83
Russell Westbrook,G,11/26/2016,RS,OKC,,DET,W,84,37,3,10,13,15,1,1,5,2,17,32.43,10.54,42.97
Russell Westbrook,G,03/06/2016,RS,OKC,@,MIL,W,84,39,2,8,10,11,1,1,7,4,15,31.28,6.41,37.69
Russell Westbrook,G,01/29/2017,RS,OKC,@,CLE,L,84,36,5,7,12,10,1,1,4,3,20,27.50,7.22,34.72
Russell Westbrook,G,03/19/2016,RS,OKC,@,IND,W,84,36,3,8,11,14,1,0,7,4,14,22.78,5.00,27.78
Russell Westbrook,G,03/02/2009,RS,OKC,,DAL,W,84,41,2,8,10,10,2,1,6,2,17,22.44,10.49,32.93
Russell Westbrook,G,01/13/2017,RS,OKC,@,MIN,L,84,36,3,8,11,12,2,0,10,3,21,21.67,8.89,30.56
Wilt Chamberlain,C,,,,,,,78,,,,,,,,,,,,,N/A
Wilt Chamberlain,C,,,,,,,78,,,,,,,,,,,,,N/A
Wilt Chamberlain,C,,,,,,,78,,,,,,,,,,,,,N/A
Wilt Chamberlain,C,,,,,,,78,,,,,,,,,,,,,N/A
Wilt Chamberlain,C,,,,,,,78,,,,,,,,,,,,,N/A
Wilt Chamberlain,C,,,,,,,78,,,,,,,,,,,,,N/A
Wilt Chamberlain,C,,,,,,,78,,,,,,,,,,,,,N/A
Wilt Chamberlain,C,,,,,,,78,,,,,,,,,,,,,N/A
Wilt Chamberlain,C,,,,,,,78,,,,,,,,,,,,,N/A
Wilt Chamberlain,C,,,,,,,78,,,,,,,,,,,,,N/A
Wilt Chamberlain,C,,,,,,,78,,,,,,,,,,,,,N/A
Wilt Chamberlain,C,,,,,,,78,,,,,,,,,,,,,N/A
Wilt Chamberlain,C,,,,,,,78,,,,,,,,,,,,,N/A
Wilt Chamberlain,C,,,,,,,78,,,,,,,,,,,,,N/A
Wilt Chamberlain,C,,,,,,,78,,,,,,,,,,,,,N/A
Wilt Chamberlain,C,,,,,,,78,,,,,,,,,,,,,N/A
Wilt Chamberlain,C,,,,,,,78,,,,,,,,,,,,,N/A
Wilt Chamberlain,C,,,,,,,78,,,,,,,,,,,,,N/A
Wilt Chamberlain,C,,,,,,,78,,,,,,,,,,,,,N/A
Wilt Chamberlain,C,,,,,,,78,,,,,,,,,,,,,N/A
Wilt Chamberlain,C,,,,,,,78,,,,,,,,,,,,,N/A
Wilt Chamberlain,C,,,,,,,78,,,,,,,,,,,,,N/A
Wilt Chamberlain,C,,,,,,,78,,,,,,,,,,,,,N/A
Wilt Chamberlain,C,,,,,,,78,,,,,,,,,,,,,N/A
Wilt Chamberlain,C,,,,,,,78,,,,,,,,,,,,,N/A
Wilt Chamberlain,C,,,,,,,78,,,,,,,,,,,,,N/A
Wilt Chamberlain,C,,,,,,,78,,,,,,,,,,,,,N/A
Wilt Chamberlain,C,,,,,,,78,,,,,,,,,,,,,N/A
Wilt Chamberlain,C,,,,,,,78,,,,,,,,,,,,,N/A
Wilt Chamberlain,C,,,,,,,78,,,,,,,,,,,,,N/A
Wilt Chamberlain,C,,,,,,,78,,,,,,,,,,,,,N/A
Wilt Chamberlain,C,,,,,,,78,,,,,,,,,,,,,N/A
Wilt Chamberlain,C,,,,,,,78,,,,,,,,,,,,,N/A
Wilt Chamberlain,C,,,,,,,78,,,,,,,,,,,,,N/A
Wilt Chamberlain,C,,,,,,,78,,,,,,,,,,,,,N/A
Wilt Chamberlain,C,,,,,,,78,,,,,,,,,,,,,N/A
Wilt Chamberlain,C,,,,,,,78,,,,,,,,,,,,,N/A
Wilt Chamberlain,C,,,,,,,78,,,,,,,,,,,,,N/A
Wilt Chamberlain,C,,,,,,,78,,,,,,,,,,,,,N/A
Wilt Chamberlain,C,,,,,,,78,,,,,,,,,,,,,N/A
Wilt Chamberlain,C,,,,,,,78,,,,,,,,,,,,,N/A
Wilt Chamberlain,C,,,,,,,78,,,,,,,,,,,,,N/A
Wilt Chamberlain,C,,,,,,,78,,,,,,,,,,,,,N/A
Wilt Chamberlain,C,,,,,,,78,,,,,,,,,,,,,N/A
Wilt Chamberlain,C,,,,,,,78,,,,,,,,,,,,,N/A
Wilt Chamberlain,C,,,,,,,78,,,,,,,,,,,,,N/A
Wilt Chamberlain,C,,,,,,,78,,,,,,,,,,,,,N/A
Wilt Chamberlain,C,,,,,,,78,,,,,,,,,,,,,N/A
Wilt Chamberlain,C,,,,,,,78,,,,,,,,,,,,,N/A
Wilt Chamberlain,C,,,,,,,78,,,,,,,,,,,,,N/A
Wilt Chamberlain,C,,,,,,,78,,,,,,,,,,,,,N/A
Wilt Chamberlain,C,,,,,,,78,,,,,,,,,,,,,N/A
Wilt Chamberlain,C,,,,,,,78,,,,,,,,,,,,,N/A
Wilt Chamberlain,C,,,,,,,78,,,,,,,,,,,,,N/A
Wilt Chamberlain,C,,,,,,,78,,,,,,,,,,,,,N/A
Wilt Chamberlain,C,,,,,,,78,,,,,,,,,,,,,N/A
Wilt Chamberlain,C,,,,,,,78,,,,,,,,,,,,,N/A
Wilt Chamberlain,C,,,,,,,78,,,,,,,,,,,,,N/A
Wilt Chamberlain,C,,,,,,,78,,,,,,,,,,,,,N/A
Wilt Chamberlain,C,,,,,,,78,,,,,,,,,,,,,N/A
Wilt Chamberlain,C,,,,,,,78,,,,,,,,,,,,,N/A
Wilt Chamberlain,C,,,,,,,78,,,,,,,,,,,,,N/A
Wilt Chamberlain,C,,,,,,,78,,,,,,,,,,,,,N/A
Wilt Chamberlain,C,,,,,,,78,,,,,,,,,,,,,N/A
Wilt Chamberlain,C,,,,,,,78,,,,,,,,,,,,,N/A
Wilt Chamberlain,C,,,,,,,78,,,,,,,,,,,,,N/A
Wilt Chamberlain,C,,,,,,,78,,,,,,,,,,,,,N/A
Wilt Chamberlain,C,,,,,,,78,,,,,,,,,,,,,N/A
Wilt Chamberlain,C,,,,,,,78,,,,,,,,,,,,,N/A
Wilt Chamberlain,C,,,,,,,78,,,,,,,,,,,,,N/A
Wilt Chamberlain,C,,,,,,,78,,,,,,,,,,,,,N/A
Wilt Chamberlain,C,,,,,,,78,,,,,,,,,,,,,N/A
Wilt Chamberlain,C,,,,,,,78,,,,,,,,,,,,,N/A
Wilt Chamberlain,C,,,,,,,78,,,,,,,,,,,,,N/A
Wilt Chamberlain,C,,,,,,,78,,,,,,,,,,,,,N/A
Wilt Chamberlain,C,,,,,,,78,,,,,,,,,,,,,N/A
Wilt Chamberlain,C,,,,,,,78,,,,,,,,,,,,,N/A
Wilt Chamberlain,C,,,,,,,78,,,,,,,,,,,,,N/A
LeBron James,F-G,04/25/2010,PL,CLE,@,CHI,W,72,36,0,12,12,11,2,1,2,3,37,96.67,14.17,110.83
LeBron James,F-G,03/21/2016,RS,CLE,,DEN,W,72,33,3,8,11,11,0,0,3,2,33,91.21,4.85,96.06
LeBron James,F-G,11/14/2007,RS,CLE,,ORL,L,72,47,4,9,13,14,0,2,4,1,39,72.13,7.87,80.00
LeBron James,F-G,03/12/2009,RS,CLE,@,PHO,W,72,43,6,4,10,13,3,3,3,0,34,71.40,14.65,86.05
LeBron James,F-G,12/25/2010,RS,MIA,@,LAL,W,72,38,1,10,11,10,4,0,1,2,27,71.32,16.32,87.63
LeBron James,F-G,11/23/2016,RS,CLE,,POR,W,72,38,1,9,10,13,3,0,3,0,31,71.32,15.00,86.32
LeBron James,F-G,01/27/2009,RS,CLE,,SAC,W,72,38,5,10,15,11,0,3,2,1,23,69.47,12.37,81.84
LeBron James,F-G,04/09/2005,RS,CLE,,MIL,W,72,47,1,9,10,10,2,1,3,2,40,69.15,9.79,78.94
LeBron James,F-G,02/18/2010,RS,CLE,,DEN,L,72,47,1,12,13,15,2,4,3,1,43,68.30,17.02,85.32
LeBron James,F-G,01/13/2009,RS,CLE,@,MEM,W,72,40,0,11,11,10,3,1,2,2,30,67.25,15.50,82.75
LeBron James,F-G,11/25/2007,RS,CLE,@,IND,W,72,36,3,8,11,10,4,1,2,1,30,66.67,18.61,85.28
LeBron James,F-G,03/26/2016,RS,CLE,@,NYK,W,72,36,3,8,11,11,1,2,2,4,27,65.83,8.89,74.72
LeBron James,F-G,04/02/2017,RS,CLE,,IND,W,72,52,4,12,16,11,2,1,1,4,41,65.77,9.04,74.81
LeBron James,F-G,04/02/2017,RS,CLE,,IND,W,72,52,4,10,14,11,2,1,1,4,41,65.77,7.88,73.65
LeBron James,F-G,03/28/2014,RS,MIA,@,DET,W,72,30,2,8,10,12,1,0,1,0,17,65.00,11.33,76.33
LeBron James,F-G,05/28/2009,PL,CLE,,ORL,W,72,46,3,11,14,12,1,1,4,3,37,64.13,8.26,72.39
LeBron James,F-G,10/25/2016,RS,CLE,,NYK,W,72,32,3,8,11,14,0,1,4,3,19,63.44,5.94,69.38
LeBron James,F-G,05/02/2008,PL,CLE,@,WAS,W,72,44,2,11,13,13,2,1,1,2,27,63.18,11.82,75.00
LeBron James,F-G,11/24/2007,RS,CLE,,TOR,W,72,45,3,9,12,12,3,1,4,3,37,63.11,11.56,74.67
LeBron James,F-G,04/13/2015,RS,CLE,,DET,W,72,32,3,7,10,11,2,1,1,0,21,62.19,15.00,77.19
LeBron James,F-G,06/14/2015,PL,CLE,@,GSW,L,72,45,1,13,14,11,1,0,2,5,40,61.78,6.44,68.22
LeBron James,F-G,12/17/2010,RS,MIA,@,NYK,W,72,38,1,10,11,10,1,0,5,1,32,61.58,9.47,71.05
LeBron James,F-G,03/09/2017,RS,CLE,@,DET,L,72,39,4,10,14,10,1,0,3,1,29,61.54,9.23,70.77
LeBron James,F-G,02/15/2006,RS,CLE,@,BOS,W,72,54,1,11,12,11,2,4,2,5,43,58.89,11.30,70.19
LeBron James,F-G,05/19/2016,PL,CLE,,TOR,W,72,34,1,10,11,11,3,0,2,2,23,58.53,15.29,73.82
LeBron James,F-G,11/19/2005,RS,CLE,@,PHI,W,72,47,2,9,11,10,1,1,5,1,36,58.30,8.51,66.81
LeBron James,F-G,04/09/2017,RS,CLE,@,ATL,L,72,47,3,13,16,10,1,0,3,6,32,58.30,5.32,63.62
LeBron James,F-G,12/23/2009,RS,CLE,@,SAC,W,72,44,4,12,16,10,0,0,2,1,34,58.18,7.27,65.45
LeBron James,F-G,03/14/2017,RS,CLE,,DET,W,72,28,0,11,11,12,0,0,2,0,16,57.14,11.79,68.93
LeBron James,F-G,01/19/2005,RS,CLE,@,POR,W,72,44,1,10,11,10,4,0,2,4,27,57.05,12.27,69.32
LeBron James,F-G,03/01/2017,RS,CLE,@,BOS,L,72,40,5,8,13,10,1,1,4,3,28,56.50,7.25,63.75
LeBron James,F-G,03/10/2009,RS,CLE,@,LAC,W,72,44,4,9,13,11,2,2,4,2,32,56.36,12.05,68.41
LeBron James,F-G,02/20/2008,RS,CLE,@,IND,W,72,43,2,12,14,12,2,1,4,1,31,56.28,13.72,70.00
LeBron James,F-G,01/23/2013,RS,MIA,,TOR,W,72,45,1,9,10,11,0,0,3,1,31,54.89,5.11,60.00
LeBron James,F-G,03/22/2006,RS,CLE,,CHA,W,72,50,0,11,11,12,0,1,5,4,37,53.80,4.80,58.60
LeBron James,F-G,03/11/2017,RS,CLE,@,ORL,W,72,38,0,12,12,12,0,1,4,3,24,53.16,8.16,61.32
LeBron James,F-G,02/08/2016,RS,CLE,,SAC,W,72,31,1,9,10,10,2,1,4,1,21,52.58,16.13,68.71
LeBron James,F-G,05/24/2015,PL,CLE,,ATL,W,72,47,8,10,18,13,3,0,6,4,37,52.34,9.36,61.70
LeBron James,F-G,11/07/2007,RS,CLE,@,UTA,L,72,41,2,13,15,13,3,2,4,4,32,51.71,16.34,68.05
LeBron James,F-G,03/16/2010,RS,CLE,@,DET,W,72,43,2,10,12,12,1,1,4,0,29,51.63,10.93,62.56
LeBron James,F-G,02/23/2013,RS,MIA,@,PHI,W,72,32,1,9,10,11,2,0,2,1,16,51.25,13.44,64.69
LeBron James,F-G,01/19/2007,RS,CLE,@,DEN,L,72,44,2,8,10,10,2,0,3,2,30,50.23,8.18,58.41
LeBron James,F-G,11/27/2016,RS,CLE,@,PHI,W,72,42,2,8,10,13,1,0,5,0,26,50.00,8.10,58.10
LeBron James,F-G,06/07/2015,PL,CLE,@,GSW,W,72,50,4,12,16,11,1,1,3,3,39,49.60,8.20,57.80
LeBron James,F-G,06/21/2012,PL,MIA,,OKC,W,72,44,4,7,11,13,1,2,6,2,26,49.55,8.41,57.95
LeBron James,F-G,01/22/2005,RS,CLE,@,GSW,W,72,43,1,11,12,10,1,1,3,1,28,49.07,10.70,59.77
LeBron James,F-G,03/20/2013,RS,MIA,@,CLE,W,72,42,7,5,12,10,3,2,4,1,25,47.38,13.10,60.48
LeBron James,F-G,03/29/2011,RS,MIA,@,CLE,L,72,43,0,10,10,12,0,0,3,3,27,46.74,4.19,50.93
LeBron James,F-G,01/25/2017,RS,CLE,,SAC,L,72,45,4,9,13,11,2,1,5,3,24,46.67,9.33,56.00
LeBron James,F-G,05/22/2013,PL,MIA,,IND,W,72,47,3,7,10,10,0,3,4,5,30,46.60,4.68,51.28
LeBron James,F-G,01/04/2006,RS,CLE,@,MIL,W,72,46,2,9,11,11,5,1,4,1,32,46.09,17.39,63.48
LeBron James,F-G,04/20/2005,RS,CLE,@,TOR,W,72,48,2,12,14,14,0,1,2,1,27,46.04,8.13,54.17
LeBron James,F-G,04/22/2006,PL,CLE,,WAS,W,72,48,3,8,11,11,0,0,4,3,32,46.04,2.50,48.54
LeBron James,F-G,04/05/2015,RS,CLE,,CHI,W,72,37,2,8,10,12,3,1,3,4,20,45.68,12.16,57.84
LeBron James,F-G,02/19/2008,RS,CLE,,HOU,L,72,42,2,11,13,11,2,0,5,2,26,45.48,10.71,56.19
LeBron James,F-G,02/23/2017,RS,CLE,,NYK,W,72,37,0,13,13,15,0,3,6,1,18,45.41,15.14,60.54
LeBron James,F-G,12/04/2012,RS,MIA,@,WAS,L,72,43,2,11,13,11,3,2,3,1,26,44.88,16.98,61.86
LeBron James,F-G,01/23/2017,RS,CLE,@,NOP,L,72,44,2,8,10,12,2,0,6,2,26,43.41,8.18,51.59
LeBron James,F-G,06/18/2013,PL,MIA,,SAS,W,72,50,4,6,10,11,3,1,6,3,32,43.00,8.60,51.60
LeBron James,F-G,03/19/2009,RS,CLE,,POR,W,72,47,0,11,11,10,1,2,0,4,26,41.70,8.72,50.43
LeBron James,F-G,01/02/2009,RS,CLE,,CHI,W,72,37,1,9,10,11,2,3,5,1,16,40.54,17.30,57.84
LeBron James,F-G,10/28/2009,RS,CLE,@,TOR,L,72,40,2,9,11,12,2,0,4,1,23,39.75,10.75,50.50
LeBron James,F-G,11/09/2010,RS,MIA,,UTA,L,72,47,2,9,11,14,1,3,2,3,20,38.72,9.79,48.51
LeBron James,F-G,03/10/2008,RS,CLE,,POR,W,72,44,1,9,10,11,1,2,4,0,24,38.64,11.59,50.23
LeBron James,F-G,02/01/2006,RS,CLE,,NJN,W,72,44,0,11,11,10,1,1,4,2,26,37.95,9.55,47.50
LeBron James,F-G,06/06/2013,PL,MIA,,SAS,L,72,42,2,16,18,10,0,0,2,0,18,37.14,11.43,48.57
LeBron James,F-G,06/19/2016,PL,CLE,@,GSW,W,72,47,1,10,11,11,2,3,5,1,27,34.89,14.26,49.15
LeBron James,F-G,04/04/2017,RS,CLE,,ORL,W,72,37,1,10,11,11,2,1,6,2,18,34.05,13.24,47.30
LeBron James,F-G,05/13/2010,PL,CLE,@,BOS,L,72,46,3,16,19,10,3,1,9,2,27,31.30,16.74,48.04
LeBron James,F-G,05/13/2006,PL,CLE,,DET,W,72,48,0,10,10,10,4,1,4,2,21,31.25,14.38,45.63
LeBron James,F-G,03/07/2009,RS,CLE,,MIA,W,72,43,2,8,10,12,1,1,2,0,14,28.14,9.53,37.67
LeBron James,F-G,06/09/2011,PL,MIA,@,DAL,L,72,46,1,9,10,10,0,1,4,3,17,22.17,4.78,26.96
Larry Bird,F,04/08/1984,RS,BOS,,CHI,W,66,35,4,6,10,10,1,1,2,5,30,87.71,4.29,92.00
Larry Bird,F,04/02/1986,RS,BOS,,DET,W,66,35,4,7,11,13,2,1,1,2,29,83.71,11.43,95.14
Larry Bird,F,02/18/1985,RS,BOS,@,UTA,W,66,33,0,12,12,10,9,2,1,2,30,76.97,40.00,116.97
Larry Bird,F,02/10/1988,RS,BOS,@,SAS,W,66,41,0,17,17,10,1,3,4,2,39,75.85,18.05,93.90
Larry Bird,F,05/13/1984,PL,BOS,,NYK,W,66,42,3,9,12,10,3,0,5,5,39,75.00,8.81,83.81
Larry Bird,F,02/19/1986,RS,BOS,@,GSW,W,66,44,1,11,12,11,0,1,2,2,36,70.68,7.27,77.95
Larry Bird,F,03/18/1990,RS,BOS,,NJN,W,66,36,1,17,18,11,1,0,5,0,29,69.72,16.94,86.67
Larry Bird,F,12/13/1989,RS,BOS,,SEA,W,66,46,3,8,11,10,1,2,5,2,40,69.57,8.70,78.26
Larry Bird,F,02/14/1986,RS,BOS,@,POR,W,66,49,3,11,14,11,1,2,8,1,47,67.35,10.82,78.16
Larry Bird,F,03/21/1990,RS,BOS,,CLE,W,66,42,1,9,10,16,1,2,2,3,25,66.90,9.29,76.19
Larry Bird,F,03/15/1992,RS,BOS,,POR,W,66,54,0,14,14,12,4,1,5,5,49,65.00,12.78,77.78
Larry Bird,F,04/01/1987,RS,BOS,,WSB,W,66,44,2,15,17,15,1,3,4,1,30,64.32,16.36,80.68
Larry Bird,F,04/13/1988,RS,BOS,,MIL,W,66,36,4,6,10,10,2,1,4,3,26,63.33,9.17,72.50
Larry Bird,F,02/25/1986,RS,BOS,@,NYK,W,66,40,1,17,18,13,1,0,3,2,24,61.50,13.25,74.75
Larry Bird,F,11/15/1983,RS,BOS,@,DEN,W,66,40,1,10,11,10,1,1,2,4,28,61.25,7.75,69.00
Larry Bird,F,02/13/1986,RS,BOS,@,SEA,W,66,43,3,12,15,11,1,1,3,0,31,61.16,12.33,73.49
Larry Bird,F,06/08/1986,PL,BOS,,HOU,W,66,46,2,9,11,12,3,0,2,3,29,60.22,9.78,70.00
Larry Bird,F,02/23/1986,RS,BOS,,IND,W,66,41,2,9,11,12,4,0,1,2,30,59.27,14.39,73.66
Larry Bird,F,03/03/1985,RS,BOS,,DET,W,66,43,4,11,15,10,1,0,2,2,30,58.84,8.14,66.98
Larry Bird,F,11/30/1983,RS,BOS,,SAS,W,66,36,1,13,14,13,4,0,3,1,23,58.61,20.83,79.44
Larry Bird,F,04/05/1987,RS,BOS,@,PHI,L,66,48,5,5,10,12,1,0,7,4,39,58.13,1.88,60.00
Larry Bird,F,12/27/1989,RS,BOS,@,SAC,W,66,49,4,7,11,10,2,0,3,1,37,56.53,7.55,64.08
Larry Bird,F,12/26/1984,RS,BOS,@,PHO,W,66,46,0,11,11,10,3,0,3,4,34,55.22,10.22,65.43
Larry Bird,F,01/07/1985,RS,BOS,@,NYK,W,66,42,0,10,10,10,3,2,3,1,26,53.33,16.67,70.00
Larry Bird,F,02/17/1984,RS,BOS,@,SEA,W,66,44,1,12,13,13,3,1,5,3,30,52.73,13.86,66.59
Larry Bird,F,04/26/1990,PL,BOS,,NYK,W,66,40,3,15,18,10,1,0,4,1,24,49.50,12.75,62.25
Larry Bird,F,12/29/1984,RS,BOS,@,SAS,W,66,37,6,9,15,10,1,0,2,5,18,49.19,4.59,53.78
Larry Bird,F,11/26/1990,RS,BOS,,MIA,W,66,36,1,13,14,11,2,1,3,2,21,47.22,16.11,63.33
Larry Bird,F,02/03/1987,RS,BOS,@,ATL,L,66,48,2,13,15,14,3,0,2,0,26,45.83,14.38,60.21
Larry Bird,F,12/23/1990,RS,BOS,,ATL,W,66,32,0,10,10,10,0,2,2,1,14,44.06,12.50,56.56
Larry Bird,F,10/25/1985,RS,BOS,@,NJN,L,66,36,2,10,12,10,8,1,6,3,21,41.39,29.17,70.56
Larry Bird,F,05/17/1986,PL,BOS,@,MIL,W,66,44,3,13,16,13,1,0,4,3,19,41.14,8.41,49.55
Larry Bird,F,03/29/1987,RS,BOS,,PHI,W,66,40,2,11,13,12,1,0,2,1,17,41.00,9.75,50.75
Larry Bird,F,11/15/1989,RS,BOS,,NJN,W,66,28,3,12,15,10,1,1,3,0,12,40.71,18.93,59.64
Larry Bird,F,06/01/1986,PL,BOS,@,HOU,L,66,45,4,11,15,11,4,0,3,5,25,40.67,11.78,52.44
Larry Bird,F,04/26/1991,PL,BOS,,IND,W,66,41,2,10,12,12,3,0,3,2,21,38.54,12.68,51.22
Larry Bird,F,02/28/1986,RS,BOS,,LAC,W,66,39,3,10,13,12,1,0,8,3,20,38.21,7.18,45.38
Larry Bird,F,02/10/1984,RS,BOS,,HOU,W,66,40,2,12,14,12,3,0,3,4,17,36.75,12.50,49.25
Larry Bird,F,12/05/1989,RS,BOS,@,CHH,W,66,29,2,11,13,11,1,0,2,2,11,36.55,12.07,48.62
Larry Bird,F,12/04/1983,RS,BOS,,PHI,L,66,46,5,6,11,13,0,2,4,4,22,36.30,3.48,39.78
Larry Bird,F,03/05/1985,RS,BOS,@,NYK,W,66,46,4,15,19,10,2,3,4,4,20,35.22,15.22,50.43
Larry Bird,F,03/20/1985,RS,BOS,,MIL,W,66,43,2,9,11,10,0,0,2,2,13,35.12,4.42,39.53
Larry Bird,F,12/27/1984,RS,BOS,@,LAC,W,66,40,1,12,13,13,0,3,2,3,13,31.75,11.25,43.00
Larry Bird,F,01/17/1990,RS,BOS,@,ORL,W,66,29,1,9,10,10,1,1,3,3,14,31.72,11.03,42.76
Larry Bird,F,12/08/1989,RS,BOS,,DEN,L,66,43,1,11,12,12,2,1,7,4,24,31.63,10.23,41.86
Larry Bird,F,02/18/1987,RS,BOS,@,DAL,W,66,40,2,10,12,11,1,2,2,3,16,31.50,10.50,42.00
Larry Bird,F,04/15/1990,RS,BOS,,NYK,W,66,44,3,14,17,13,3,1,2,5,17,29.09,13.41,42.50
Larry Bird,F,04/06/1986,RS,BOS,@,PHI,L,66,41,2,8,10,10,1,0,5,2,18,29.02,6.34,35.37
Larry Bird,F,11/22/1983,RS,BOS,@,NYK,L,66,49,4,7,11,11,1,0,1,0,16,28.98,6.33,35.31
Larry Bird,F,11/23/1985,RS,BOS,@,NYK,W,66,44,3,7,10,10,2,0,2,2,18,28.18,7.50,35.68
Larry Bird,F,05/19/1987,PL,BOS,,DET,W,66,44,2,14,16,11,2,1,6,4,18,19.32,12.05,31.36
Larry Bird,F,02/15/1991,RS,BOS,@,LAL,W,66,40,0,11,11,11,2,0,2,1,11,17.75,12.25,30.00
Larry Bird,F,04/06/1990,RS,BOS,@,CLE,W,66,45,1,14,15,10,1,1,8,1,11,0.89,12.22,13.11
Larry Bird,F,,,,,,,66,,,,,,,,,,,,,N/A
Larry Bird,F,,,,,,,66,,,,,,,,,,,,,N/A
Larry Bird,F,,,,,,,66,,,,,,,,,,,,,N/A
Larry Bird,F,,,,,,,66,,,,,,,,,,,,,N/A
Larry Bird,F,,,,,,,66,,,,,,,,,,,,,N/A
Larry Bird,F,,,,,,,66,,,,,,,,,,,,,N/A
Larry Bird,F,,,,,,,66,,,,,,,,,,,,,N/A
Larry Bird,F,,,,,,,66,,,,,,,,,,,,,N/A
Larry Bird,F,,,,,,,66,,,,,,,,,,,,,N/A
Larry Bird,F,,,,,,,66,,,,,,,,,,,,,N/A
Larry Bird,F,,,,,,,66,,,,,,,,,,,,,N/A
Larry Bird,F,,,,,,,66,,,,,,,,,,,,,N/A
Larry Bird,F,,,,,,,66,,,,,,,,,,,,,N/A
Fat Lever,G,11/24/1987,RS,DEN,,NJN,W,46,28,2,11,13,14,8,0,4,2,21,83.21,37.50,120.71
Fat Lever,G,11/08/1989,RS,DEN,,SAC,W,46,32,7,7,14,12,5,0,3,1,20,72.81,20.94,93.75
Fat Lever,G,02/24/1987,RS,DEN,,HOU,W,46,29,6,6,12,13,3,1,2,3,18,70.00,14.83,84.83
Fat Lever,G,01/24/1987,RS,DEN,,MIL,W,46,41,5,10,15,12,2,2,1,3,25,68.05,12.68,80.73
Fat Lever,G,04/17/1988,RS,DEN,,DAL,W,46,43,2,17,19,13,0,0,0,2,25,67.21,10.00,77.21
Fat Lever,G,04/30/1985,PL,DEN,,UTA,W,46,39,8,8,16,18,2,0,5,3,19,64.62,8.21,72.82
Fat Lever,G,01/26/1987,RS,DEN,@,POR,L,46,48,5,7,12,10,2,0,4,4,36,63.54,5.21,68.75
Fat Lever,G,04/21/1989,RS,DEN,@,GSW,W,46,42,1,12,13,23,5,0,1,3,15,59.76,17.62,77.38
Fat Lever,G,03/21/1987,RS,DEN,@,WSB,W,46,45,3,10,13,11,1,0,1,4,27,57.56,5.33,62.89
Fat Lever,G,03/31/1988,RS,DEN,,SAC,W,46,38,2,8,10,15,2,0,4,3,21,56.84,8.42,65.26
Fat Lever,G,03/05/1987,RS,DEN,,SAS,W,46,42,2,8,10,15,3,0,0,1,20,55.71,11.90,67.62
Fat Lever,G,01/07/1988,RS,DEN,@,CHI,L,46,43,4,12,16,12,6,1,6,4,31,55.58,20.23,75.81
Fat Lever,G,01/29/1987,RS,DEN,,DAL,L,46,37,4,10,14,10,3,2,3,4,24,55.14,15.68,70.81
Fat Lever,G,04/09/1989,RS,DEN,@,POR,L,46,41,2,9,11,11,3,0,1,4,26,54.39,10.00,64.39
Fat Lever,G,04/07/1987,RS,DEN,@,GSW,W,46,46,0,11,11,10,3,0,0,3,28,54.35,11.09,65.43
Fat Lever,G,02/03/1987,RS,DEN,@,HOU,W,46,46,4,10,14,11,6,1,1,5,26,51.74,16.74,68.48
Fat Lever,G,03/27/1989,RS,DEN,@,LAC,L,46,43,3,8,11,12,2,0,2,3,24,51.63,7.44,59.07
Fat Lever,G,12/03/1986,RS,DEN,@,BOS,L,46,39,3,7,10,12,1,0,3,2,20,51.54,5.90,57.44
Fat Lever,G,01/02/1987,RS,DEN,,HOU,L,46,45,4,7,11,12,1,1,3,5,23,50.89,4.00,54.89
Fat Lever,G,11/09/1989,RS,DEN,@,HOU,W,46,39,4,10,14,10,2,0,2,3,19,49.74,9.74,59.49
Fat Lever,G,12/09/1987,RS,DEN,@,BOS,W,46,42,6,5,11,13,2,0,3,3,18,48.10,5.48,53.57
Fat Lever,G,03/02/1988,RS,DEN,,CLE,W,46,42,9,11,20,12,6,0,3,2,20,46.67,20.24,66.90
Fat Lever,G,03/09/1985,RS,DEN,,IND,W,46,31,0,4,4,15,10,0,2,3,13,46.13,32.26,78.39
Fat Lever,G,03/02/1989,RS,DEN,,HOU,W,46,38,1,10,11,10,0,1,0,2,17,46.05,7.63,53.68
Fat Lever,G,04/20/1990,RS,DEN,,SAS,L,46,40,7,15,22,11,2,0,6,5,20,45.50,11.25,56.75
Fat Lever,G,12/16/1986,RS,DEN,@,SAC,W,46,40,1,10,11,14,6,0,1,1,17,45.25,21.50,66.75
Fat Lever,G,02/02/1989,RS,DEN,,ATL,W,46,44,3,10,13,11,2,0,2,3,23,45.00,8.64,53.64
Fat Lever,G,02/12/1988,RS,DEN,@,POR,L,46,36,4,9,13,10,0,1,1,2,19,43.33,7.22,50.56
Fat Lever,G,02/26/1989,RS,DEN,,PHI,W,46,40,1,11,12,16,2,1,1,2,16,42.50,13.00,55.50
Fat Lever,G,02/25/1990,RS,DEN,,BOS,L,46,40,3,9,12,12,3,0,2,3,18,42.25,11.25,53.50
Fat Lever,G,02/24/1988,RS,DEN,@,UTA,W,46,43,5,5,10,16,1,1,1,3,15,42.09,4.65,46.74
Fat Lever,G,11/27/1985,RS,DEN,@,GSW,L,46,40,3,9,12,14,2,0,3,4,14,39.50,7.75,47.25
Fat Lever,G,03/02/1987,RS,DEN,,SAC,L,46,38,2,14,16,10,4,1,2,4,15,38.68,19.21,57.89
Fat Lever,G,12/06/1988,RS,DEN,@,NYK,L,46,49,2,8,10,17,1,0,3,2,15,38.37,5.31,43.67
Fat Lever,G,04/28/1989,PL,DEN,@,PHO,L,46,47,2,10,12,17,4,0,5,3,20,35.74,12.34,48.09
Fat Lever,G,11/06/1986,RS,DEN,,UTA,W,46,37,2,10,12,14,0,0,3,3,13,35.14,4.86,40.00
Fat Lever,G,11/21/1987,RS,DEN,@,LAC,W,46,41,5,7,12,11,2,0,1,4,15,34.88,6.10,40.98
Fat Lever,G,03/20/1990,RS,DEN,,LAC,W,46,43,5,6,11,10,2,2,3,4,17,34.65,8.37,43.02
Fat Lever,G,11/06/1987,RS,DEN,,LAC,W,46,25,2,8,10,10,5,0,4,2,11,33.20,26.40,59.60
Fat Lever,G,05/14/1988,PL,DEN,@,DAL,W,46,43,2,9,11,12,2,0,0,1,11,31.63,10.00,41.63
Fat Lever,G,11/29/1988,RS,DEN,,NYK,W,46,40,2,11,13,12,4,0,3,0,17,29.75,18.25,48.00
Fat Lever,G,12/09/1986,RS,DEN,@,CHI,L,46,39,1,9,10,10,1,1,1,3,12,29.74,8.21,37.95
Fat Lever,G,02/18/1987,RS,DEN,,LAL,L,46,38,2,8,10,14,7,1,4,2,10,23.68,24.47,48.16
Fat Lever,G,01/10/1987,RS,DEN,,PHO,W,46,44,1,9,10,10,4,0,4,1,17,21.36,14.32,35.68
Fat Lever,G,12/17/1988,RS,DEN,,LAC,W,46,38,8,10,18,10,1,0,6,3,12,21.32,7.37,28.68
Fat Lever,G,12/01/1987,RS,DEN,@,HOU,L,46,42,2,8,10,10,5,1,5,4,16,19.29,15.48,34.76
Bob Cousy,G,,,,,,,33,,,,,,,,,,,,,N/A
Bob Cousy,G,,,,,,,33,,,,,,,,,,,,,N/A
Bob Cousy,G,,,,,,,33,,,,,,,,,,,,,N/A
Bob Cousy,G,,,,,,,33,,,,,,,,,,,,,N/A
Bob Cousy,G,,,,,,,33,,,,,,,,,,,,,N/A
Bob Cousy,G,,,,,,,33,,,,,,,,,,,,,N/A
Bob Cousy,G,,,,,,,33,,,,,,,,,,,,,N/A
Bob Cousy,G,,,,,,,33,,,,,,,,,,,,,N/A
Bob Cousy,G,,,,,,,33,,,,,,,,,,,,,N/A
Bob Cousy,G,,,,,,,33,,,,,,,,,,,,,N/A
Bob Cousy,G,,,,,,,33,,,,,,,,,,,,,N/A
Bob Cousy,G,,,,,,,33,,,,,,,,,,,,,N/A
Bob Cousy,G,,,,,,,33,,,,,,,,,,,,,N/A
Bob Cousy,G,,,,,,,33,,,,,,,,,,,,,N/A
Bob Cousy,G,,,,,,,33,,,,,,,,,,,,,N/A
Bob Cousy,G,,,,,,,33,,,,,,,,,,,,,N/A
Bob Cousy,G,,,,,,,33,,,,,,,,,,,,,N/A
Bob Cousy,G,,,,,,,33,,,,,,,,,,,,,N/A
Bob Cousy,G,,,,,,,33,,,,,,,,,,,,,N/A
Bob Cousy,G,,,,,,,33,,,,,,,,,,,,,N/A
Bob Cousy,G,,,,,,,33,,,,,,,,,,,,,N/A
Bob Cousy,G,,,,,,,33,,,,,,,,,,,,,N/A
Bob Cousy,G,,,,,,,33,,,,,,,,,,,,,N/A
Bob Cousy,G,,,,,,,33,,,,,,,,,,,,,N/A
Bob Cousy,G,,,,,,,33,,,,,,,,,,,,,N/A
Bob Cousy,G,,,,,,,33,,,,,,,,,,,,,N/A
Bob Cousy,G,,,,,,,33,,,,,,,,,,,,,N/A
Bob Cousy,G,,,,,,,33,,,,,,,,,,,,,N/A
Bob Cousy,G,,,,,,,33,,,,,,,,,,,,,N/A
Bob Cousy,G,,,,,,,33,,,,,,,,,,,,,N/A
Bob Cousy,G,,,,,,,33,,,,,,,,,,,,,N/A
Bob Cousy,G,,,,,,,33,,,,,,,,,,,,,N/A
Bob Cousy,G,,,,,,,33,,,,,,,,,,,,,N/A
John Havlicek,G-F,,,,,,,31,,,,,,,,,,,,,N/A
John Havlicek,G-F,,,,,,,31,,,,,,,,,,,,,N/A
John Havlicek,G-F,,,,,,,31,,,,,,,,,,,,,N/A
John Havlicek,G-F,,,,,,,31,,,,,,,,,,,,,N/A
John Havlicek,G-F,,,,,,,31,,,,,,,,,,,,,N/A
John Havlicek,G-F,,,,,,,31,,,,,,,,,,,,,N/A
John Havlicek,G-F,,,,,,,31,,,,,,,,,,,,,N/A
John Havlicek,G-F,,,,,,,31,,,,,,,,,,,,,N/A
John Havlicek,G-F,,,,,,,31,,,,,,,,,,,,,N/A
John Havlicek,G-F,,,,,,,31,,,,,,,,,,,,,N/A
John Havlicek,G-F,,,,,,,31,,,,,,,,,,,,,N/A
John Havlicek,G-F,,,,,,,31,,,,,,,,,,,,,N/A
John Havlicek,G-F,,,,,,,31,,,,,,,,,,,,,N/A
John Havlicek,G-F,,,,,,,31,,,,,,,,,,,,,N/A
John Havlicek,G-F,,,,,,,31,,,,,,,,,,,,,N/A
John Havlicek,G-F,,,,,,,31,,,,,,,,,,,,,N/A
John Havlicek,G-F,,,,,,,31,,,,,,,,,,,,,N/A
John Havlicek,G-F,,,,,,,31,,,,,,,,,,,,,N/A
John Havlicek,G-F,,,,,,,31,,,,,,,,,,,,,N/A
John Havlicek,G-F,,,,,,,31,,,,,,,,,,,,,N/A
John Havlicek,G-F,,,,,,,31,,,,,,,,,,,,,N/A
John Havlicek,G-F,,,,,,,31,,,,,,,,,,,,,N/A
John Havlicek,G-F,,,,,,,31,,,,,,,,,,,,,N/A
John Havlicek,G-F,,,,,,,31,,,,,,,,,,,,,N/A
John Havlicek,G-F,,,,,,,31,,,,,,,,,,,,,N/A
John Havlicek,G-F,,,,,,,31,,,,,,,,,,,,,N/A
John Havlicek,G-F,,,,,,,31,,,,,,,,,,,,,N/A
John Havlicek,G-F,,,,,,,31,,,,,,,,,,,,,N/A
John Havlicek,G-F,,,,,,,31,,,,,,,,,,,,,N/A
John Havlicek,G-F,,,,,,,31,,,,,,,,,,,,,N/A
John Havlicek,G-F,,,,,,,31,,,,,,,,,,,,,N/A
James Harden,G,12/31/2016,RS,HOU,,NYK,W,31,42,3,13,16,17,0,0,8,2,53,108.57,7.38,115.95
James Harden,G,01/27/2017,RS,HOU,@,PHI,W,31,39,1,12,13,13,2,1,5,4,51,108.21,12.05,120.26
James Harden,G,03/17/2017,RS,HOU,@,NOP,L,31,40,2,12,14,11,2,0,5,2,41,87.00,12.00,99.00
James Harden,G,12/16/2016,RS,HOU,,NOP,W,31,34,2,9,11,13,0,0,4,2,29,79.41,5.59,85.00
James Harden,G,01/10/2017,RS,HOU,,CHO,W,31,38,1,14,15,10,0,0,4,3,40,79.21,7.89,87.11
James Harden,G,02/15/2017,RS,HOU,,MIA,L,31,42,3,9,12,12,0,1,4,5,38,78.57,3.33,81.90
James Harden,G,03/06/2015,RS,HOU,,DET,W,31,38,1,11,12,12,1,0,7,1,38,75.26,10.26,85.53
James Harden,G,01/20/2016,RS,HOU,,DET,L,31,36,2,15,17,14,1,0,6,5,33,73.33,9.72,83.06
James Harden,G,12/30/2016,RS,HOU,,LAC,W,31,34,1,12,13,10,5,2,6,1,30,72.94,28.24,101.18
James Harden,G,03/18/2017,RS,HOU,@,DEN,W,31,37,0,10,10,10,2,0,8,3,40,71.62,10.27,81.89
James Harden,G,03/27/2014,RS,HOU,,PHI,W,31,31,4,6,10,10,1,0,5,0,26,71.29,9.03,80.32
James Harden,G,11/17/2016,RS,HOU,,POR,W,31,32,1,11,12,14,3,0,4,3,26,70.63,15.94,86.56
James Harden,G,01/08/2017,RS,HOU,@,TOR,W,31,38,3,7,10,11,2,2,10,3,40,70.53,11.32,81.84
James Harden,G,03/12/2017,RS,HOU,,CLE,W,31,40,3,7,10,11,1,1,4,2,38,69.50,7.50,77.00
James Harden,G,04/09/2017,RS,HOU,@,SAC,W,31,36,0,11,11,15,1,0,10,2,35,64.72,9.72,74.44
James Harden,G,01/17/2017,RS,HOU,@,MIA,L,31,39,1,11,12,10,2,0,6,3,40,64.36,10.51,74.87
James Harden,G,02/23/2015,RS,HOU,,MIN,W,31,39,1,10,11,10,1,4,3,3,31,59.74,14.36,74.10
James Harden,G,12/14/2016,RS,HOU,,SAC,W,31,30,0,11,11,14,1,0,5,0,15,55.00,14.33,69.33
James Harden,G,01/24/2016,RS,HOU,,DAL,W,31,36,2,13,15,10,0,2,2,1,23,54.44,13.61,68.06
James Harden,G,03/25/2016,RS,HOU,,TOR,W,31,42,0,10,10,13,1,1,7,3,32,52.14,8.33,60.48
James Harden,G,11/12/2016,RS,HOU,,SAS,L,31,39,5,6,11,13,0,0,7,1,25,51.28,3.59,54.87
James Harden,G,02/02/2013,RS,HOU,,CHA,W,31,40,0,11,11,11,1,1,3,4,21,50.00,8.50,58.50
James Harden,G,04/15/2015,RS,HOU,,UTA,W,31,27,0,11,11,10,1,1,6,2,16,46.67,15.56,62.22
James Harden,G,01/15/2017,RS,HOU,@,BRK,W,31,32,2,10,12,11,1,0,7,4,22,46.56,7.50,54.06
James Harden,G,03/28/2017,RS,HOU,,GSW,L,31,38,3,8,11,13,1,0,6,1,24,45.26,7.89,53.16
James Harden,G,05/12/2015,PL,HOU,,LAC,W,31,43,2,9,11,10,0,0,5,4,26,43.26,2.56,45.81
James Harden,G,03/15/2017,RS,HOU,,LAL,W,31,31,3,9,12,13,2,0,9,2,18,43.23,12.58,55.81
James Harden,G,12/13/2014,RS,HOU,,DEN,W,31,38,0,10,10,10,1,2,3,3,24,43.16,11.05,54.21
James Harden,G,11/09/2016,RS,HOU,@,SAS,W,31,41,2,10,12,15,1,0,8,1,24,42.44,8.78,51.22
James Harden,G,12/01/2016,RS,HOU,@,GSW,W,31,46,1,14,15,13,2,1,7,4,29,38.48,11.52,50.00
James Harden,G,01/02/2017,RS,HOU,,WAS,W,31,42,1,9,10,10,3,0,6,1,23,23.57,12.62,36.19
Michael Jordan,G-F,04/04/1989,RS,CHI,,CHH,W,30,40,4,6,10,12,6,1,3,1,33,84.75,20.25,105.00
Michael Jordan,G-F,04/13/1989,RS,CHI,@,IND,L,30,46,2,9,11,13,4,2,4,3,47,84.57,15.00,99.57
Michael Jordan,G-F,03/13/1989,RS,CHI,,IND,W,30,30,3,11,14,14,3,2,1,0,21,80.67,25.67,106.33
Michael Jordan,G-F,04/09/1989,RS,CHI,@,ATL,L,30,43,4,6,10,12,1,0,2,3,40,79.30,3.72,83.02
Michael Jordan,G-F,01/14/1985,RS,CHI,,DEN,W,30,43,2,12,14,15,3,1,6,3,35,77.44,14.19,91.63
Michael Jordan,G-F,01/16/1988,RS,CHI,,DET,W,30,38,4,6,10,10,4,4,3,3,36,76.32,19.47,95.79
Michael Jordan,G-F,04/14/1997,RS,CHI,,TOR,W,30,35,2,9,11,10,3,1,2,2,30,69.71,16.00,85.71
Michael Jordan,G-F,02/23/1990,RS,CHI,,POR,W,30,35,2,8,10,10,1,0,6,4,35,69.43,5.14,74.57
Michael Jordan,G-F,05/09/1989,PL,CHI,@,NYK,W,30,46,2,8,10,12,2,0,6,5,34,65.87,5.22,71.09
Michael Jordan,G-F,04/21/1989,RS,CHI,,WSB,W,30,42,6,8,14,11,2,1,1,1,34,64.76,11.19,75.95
Michael Jordan,G-F,03/31/1989,RS,CHI,,CLE,L,30,43,2,8,10,10,3,1,3,4,37,64.42,10.47,74.88
Michael Jordan,G-F,01/02/1988,RS,CHI,,NJN,W,30,37,3,7,10,10,6,3,1,4,25,63.24,23.24,86.49
Michael Jordan,G-F,12/09/1992,RS,CHI,,CLE,W,30,35,2,9,11,10,4,2,3,2,28,62.86,20.86,83.71
Michael Jordan,G-F,03/17/1985,RS,CHI,,MIL,W,30,48,6,5,11,16,1,1,3,5,32,62.71,2.50,65.21
Michael Jordan,G-F,02/21/1992,RS,CHI,@,ATL,W,30,46,1,9,10,14,4,0,4,2,33,62.17,12.83,75.00
Michael Jordan,G-F,04/02/1989,RS,CHI,,NJN,W,30,39,5,9,14,12,2,2,3,2,27,62.05,13.59,75.64
Michael Jordan,G-F,01/13/1989,RS,CHI,,DEN,W,30,46,1,11,12,11,3,0,6,4,38,61.74,10.22,71.96
Michael Jordan,G-F,01/03/1989,RS,CHI,,LAC,W,30,47,1,9,10,11,6,0,4,5,41,61.28,14.26,75.53
Michael Jordan,G-F,01/15/1993,RS,CHI,,GSW,W,30,38,2,10,12,10,5,2,2,1,26,60.79,23.68,84.47
Michael Jordan,G-F,03/28/1989,RS,CHI,,GSW,W,30,40,1,11,12,11,4,0,5,4,33,60.00,14.25,74.25
Michael Jordan,G-F,04/06/1989,RS,CHI,@,DET,L,30,43,2,11,13,10,2,0,2,2,31,59.77,10.47,70.23
Michael Jordan,G-F,03/29/1989,RS,CHI,@,MIL,W,30,43,1,9,10,10,2,1,4,4,32,58.60,8.84,67.44
Michael Jordan,G-F,04/14/1989,RS,CHI,@,NJN,L,30,38,2,8,10,12,3,2,4,2,29,52.37,15.79,68.16
Michael Jordan,G-F,12/29/1992,RS,CHI,@,CHH,W,30,42,4,8,12,11,0,1,3,1,28,50.48,6.43,56.90
Michael Jordan,G-F,06/02/1993,PL,CHI,@,NYK,W,30,45,2,8,10,14,2,1,5,2,29,48.89,9.56,58.44
Michael Jordan,G-F,12/06/1991,RS,CHI,,CHH,W,30,34,1,10,11,10,1,0,1,3,19,43.53,8.24,51.76
Michael Jordan,G-F,12/19/1992,RS,CHI,,PHI,L,30,42,4,6,10,10,4,1,1,4,23,42.86,11.67,54.52
Michael Jordan,G-F,03/25/1989,RS,CHI,@,SEA,W,30,40,1,11,12,12,3,0,6,3,21,36.75,12.75,49.50
Michael Jordan,G-F,03/01/1985,RS,CHI,,NYK,W,30,38,2,8,10,10,3,0,7,2,21,34.47,12.11,46.58
Michael Jordan,G-F,01/31/1989,RS,CHI,,DET,L,30,41,3,9,12,10,2,1,5,6,21,24.15,7.32,31.46